{
 "name": "negative",
 "children": [
  {
    "name": "negative",
    "project": "某主题乐园",
    "children": [
        {
            "name": "不让带水和食物",
            "size": "220"
        },
        {
            "name": "项目没开放",
            "size": "180"
        },
        {
            "name": "无地下停车场",
            "size": "180"
        },
        {
            "name": "餐厅需改善",
            "size": "150"
        },
        {
            "name": "东西太贵",
            "size": "110"
        },
        {
            "name": "排队太久",
            "size": "120"
        },
        {
            "name": "人太多了",
            "size": "100"
        }
    ]
   }
 ]
}
