{
 "name": "positive",
 "children": [
  {
     "name": "positive",
     "project": "某主题乐园",
     "children": [
       {
            "name": "过山车刺激",
            "size": "230"
        },
        {
            "name": "项目不错",
            "size": "170"
        },
        {
            "name": "古色古香",
            "size": "140"
        },
        {
            "name": "好玩上瘾",
            "size": "140"
        },
        {
            "name": "服务态度好",
            "size": "120"
        },
        {
            "name": "设施齐全",
            "size": "120"
        },
        {
            "name": "项目丰富",
            "size": "110"
        },
        {
            "name": "价格亲民",
            "size": "115"
        },
        {
        		"name": "面积很大",
        		"size": "120"
        }
   ]
  }
 ]
}
