[{"area": "中国 福建 厦门", "order_amount": 534171, "isPositive": 1, "app_ratio": "56.28%", "details": [{"num": 1, "productName": "颜色好好看"}], "order_num": 528799, "total": "某品牌服装"}, {"area": "中国 安徽 合肥", "order_amount": 534171, "isPositive": 1, "app_ratio": "56.28%", "details": [{"num": 1, "productName": "衣服属于修身款，面料很柔软"}], "order_num": 528799, "total": "某品牌服装"}, {"area": "中国 吉林 长春", "order_amount": 534171, "isPositive": 1, "app_ratio": "56.28%", "details": [{"num": 1, "productName": "超级舒服，面料柔软，就是有一点点透，不过不影响"}], "order_num": 528799, "total": "某品牌服装"}, {"area": "中国 青海 西宁", "order_amount": 534171, "isPositive": 1, "app_ratio": "56.28%", "details": [{"num": 1, "productName": "价格实惠 花纹很精致，是纯棉的，布料很好"}], "order_num": 528799, "total": "某品牌服装"}, {"area": "中国 河北 石家庄", "order_amount": 534171, "isPositive": 1, "app_ratio": "56.28%", "details": [{"num": 1, "productName": "长度刚刚好，萌萌哒，穿起来很舒服！"}], "order_num": 528799, "total": "某品牌服装"}, {"area": "中国 江苏 南京", "order_amount": 534171, "isPositive": 1, "app_ratio": "56.28%", "details": [{"num": 1, "productName": "不得不说 真的很舒服 而且清新的感觉 年轻好几岁"}], "order_num": 528799, "total": "某品牌服装"}, {"area": "中国 江苏 南京", "order_amount": 534171, "isPositive": 1, "app_ratio": "56.28%", "details": [{"num": 1, "productName": "材料舒服透气，细节也都做的好"}], "order_num": 528799, "total": "某品牌服装"}, {"area": "中国 香港 香港", "order_amount": 534171, "isPositive": 1, "app_ratio": "56.28%", "details": [{"num": 1, "productName": "衣服做工特别精致细！穿上特别的舒服，时尚，大爱"}], "order_num": 528799, "total": "某品牌服装"}, {"area": "中国 陕西 西安", "order_amount": 534171, "isPositive": 1, "app_ratio": "56.28%", "details": [{"num": 1, "productName": "面料轻薄，适合夏天，做工好，漂亮"}], "order_num": 528799, "total": "某品牌服装"}, {"area": "中国 湖南 长沙", "order_amount": 534171, "isPositive": 1, "app_ratio": "56.28%", "details": [{"num": 1, "productName": "性价比不錯的"}], "order_num": 528799, "total": "某品牌服装"}, {"area": "中国 内蒙古 呼和浩特", "order_amount": 534171, "isPositive": 1, "app_ratio": "56.28%", "details": [{"num": 1, "productName": "颜色很温馨"}], "order_num": 528799, "total": "某品牌服装"}, {"area": "中国 澳门 澳门", "order_amount": 534171, "isPositive": 1, "app_ratio": "56.28%", "details": [{"num": 1, "productName": "颜色是淡淡的蓝，图案也很可爱。夏天穿很舒服"}], "order_num": 528799, "total": "某品牌服装"}, {"area": "中国 江苏 南京", "order_amount": 534171, "isPositive": 1, "app_ratio": "56.28%", "details": [{"num": 1, "productName": "穿了居然显瘦"}], "order_num": 528799, "total": "某品牌服装"}, {"area": "中国 安徽 合肥", "order_amount": 534171, "isPositive": 1, "app_ratio": "56.28%", "details": [{"num": 1, "productName": "这个颜色很衬肤色，值得推荐"}], "order_num": 528799, "total": "某品牌服装"}, {"area": "中国 西藏 拉萨", "order_amount": 534171, "isPositive": 0, "app_ratio": "56.28%", "details": [{"num": 1, "productName": "蝴蝶结太难系好"}], "order_num": 528799, "total": "某品牌服装"}, {"area": "中国 新疆 乌鲁木齐", "order_amount": 534171, "isPositive": 0, "app_ratio": "56.28%", "details": [{"num": 1, "productName": "衣服上有味道！！！！"}], "order_num": 528799, "total": "某品牌服装"}, {"area": "中国 天津 天津", "order_amount": 534171, "isPositive": 1, "app_ratio": "56.28%", "details": [{"num": 1, "productName": "衣服面料穿起来薄薄的很透气很舒服。萌萌哒。"}], "order_num": 528799, "total": "某品牌服装"}, {"area": "中国 天津 天津", "order_amount": 534171, "isPositive": 0, "app_ratio": "56.28%", "details": [{"num": 1, "productName": "下摆围不够宽，坐着会显肚"}], "order_num": 528799, "total": "某品牌服装"}, {"area": "中国 辽宁 沈阳", "order_amount": 534171, "isPositive": 1, "app_ratio": "56.28%", "details": [{"num": 1, "productName": "衣服质量很好"}], "order_num": 528799, "total": "某品牌服装"}, {"area": "中国 辽宁 沈阳", "order_amount": 534171, "isPositive": 0, "app_ratio": "56.28%", "details": [{"num": 1, "productName": "蝴蝶结不好系,我把它系好了,然后缝了一下,这样就不用再系了"}], "order_num": 528799, "total": "某品牌服装"}, {"area": "中国 河北 石家庄", "order_amount": 534171, "isPositive": 0, "app_ratio": "56.28%", "details": [{"num": 1, "productName": "喜欢后面的蝴蝶结，虽然有点系不好！"}], "order_num": 528799, "total": "某品牌服装"}, {"area": "中国 新疆 乌鲁木齐", "order_amount": 534171, "isPositive": 0, "app_ratio": "56.28%", "details": [{"num": 1, "productName": "衣服太贴身，比较显肉"}], "order_num": 528799, "total": "某品牌服装"}, {"area": "中国 重庆 重庆", "order_amount": 534171, "isPositive": 0, "app_ratio": "56.28%", "details": [{"num": 1, "productName": "感觉某衣服品牌衣服比较偏小一点"}], "order_num": 528799, "total": "某品牌服装"}, {"area": "中国 重庆 重庆", "order_amount": 534171, "isPositive": 1, "app_ratio": "56.28%", "details": [{"num": 1, "productName": "衣服无色差，质量不错"}], "order_num": 528799, "total": "某品牌服装"}, {"area": "中国 西藏 拉萨", "order_amount": 534171, "isPositive": 1, "app_ratio": "56.28%", "details": [{"num": 1, "productName": "料子很舒服"}], "order_num": 528799, "total": "某品牌服装"}, {"area": "中国 福建 厦门", "order_amount": 534171, "isPositive": 0, "app_ratio": "56.28%", "details": [{"num": 1, "productName": "没想到某衣服品牌的网店这么差劲"}], "order_num": 528799, "total": "某品牌服装"}, {"area": "中国 山东 济南", "order_amount": 534171, "isPositive": 0, "app_ratio": "56.28%", "details": [{"num": 1, "productName": "面料又薄又透"}], "order_num": 528799, "total": "某品牌服装"}, {"area": "中国 广东 广州", "order_amount": 534171, "isPositive": 0, "app_ratio": "56.28%", "details": [{"num": 1, "productName": "面料不是纯色的"}], "order_num": 528799, "total": "某品牌服装"}, {"area": "中国 北京 北京", "order_amount": 534171, "isPositive": 1, "app_ratio": "56.28%", "details": [{"num": 1, "productName": "休闲款还不错"}], "order_num": 528799, "total": "某品牌服装"}, {"area": "中国 甘肃 兰州", "order_amount": 534171, "isPositive": 0, "app_ratio": "56.28%", "details": [{"num": 1, "productName": "有几处线头 不满意"}], "order_num": 528799, "total": "某品牌服装"}, {"area": "中国 福建 厦门", "order_amount": 534171, "isPositive": 1, "app_ratio": "56.28%", "details": [{"num": 1, "productName": "衣服很漂亮，孩子穿起来很洋气"}], "order_num": 528799, "total": "某品牌服装"}, {"area": "中国 浙江 杭州", "order_amount": 534171, "isPositive": 1, "app_ratio": "56.28%", "details": [{"num": 1, "productName": "颜色挺鲜艳的，摸着也舒服，就是比较薄，然后适合肤白的妹子哈"}], "order_num": 528799, "total": "某品牌服装"}, {"area": "中国 浙江 杭州", "order_amount": 534171, "isPositive": 1, "app_ratio": "56.28%", "details": [{"num": 1, "productName": "颜色小清新。面料柔软"}], "order_num": 528799, "total": "某品牌服装"}, {"area": "中国 湖南 长沙", "order_amount": 534171, "isPositive": 1, "app_ratio": "56.28%", "details": [{"num": 1, "productName": "挺好的，是纯棉的。小熊很可爱哦"}], "order_num": 528799, "total": "某品牌服装"}, {"area": "中国 陕西 西安", "order_amount": 534171, "isPositive": 1, "app_ratio": "56.28%", "details": [{"num": 1, "productName": "挺好的，可爱百搭"}], "order_num": 528799, "total": "某品牌服装"}, {"area": "中国 河南 郑州", "order_amount": 534171, "isPositive": 0, "app_ratio": "56.28%", "details": [{"num": 1, "productName": "衣服很紧身，裤子太厚了"}], "order_num": 528799, "total": "某品牌服装"}, {"area": "中国 吉林 长春", "order_amount": 534171, "isPositive": 0, "app_ratio": "56.28%", "details": [{"num": 1, "productName": "一直在纠结要不要退货，质量没有想象中的好"}], "order_num": 528799, "total": "某品牌服装"}, {"area": "中国 吉林 长春", "order_amount": 534171, "isPositive": 1, "app_ratio": "56.28%", "details": [{"num": 1, "productName": "穿上舒服 很凉快 好看"}], "order_num": 528799, "total": "某品牌服装"}, {"area": "中国 江苏 南京", "order_amount": 534171, "isPositive": 0, "app_ratio": "56.28%", "details": [{"num": 1, "productName": "非常薄 质量很一般"}], "order_num": 528799, "total": "某品牌服装"}, {"area": "中国 山西 太原", "order_amount": 534171, "isPositive": 1, "app_ratio": "56.28%", "details": [{"num": 1, "productName": "非常漂亮，颜色靓丽，材质柔软舒适"}], "order_num": 528799, "total": "某品牌服装"}, {"area": "中国 江西 南昌", "order_amount": 534171, "isPositive": 1, "app_ratio": "56.28%", "details": [{"num": 1, "productName": "小蝴蝶结是亮点，好！"}], "order_num": 528799, "total": "某品牌服装"}, {"area": "中国 北京 北京", "order_amount": 534171, "isPositive": 0, "app_ratio": "56.28%", "details": [{"num": 1, "productName": "体恤质量偏薄 有点透"}], "order_num": 528799, "total": "某品牌服装"}, {"area": "中国 青海 西宁", "order_amount": 534171, "isPositive": 0, "app_ratio": "56.28%", "details": [{"num": 1, "productName": "颜色发暗。很薄，不是纯棉的"}], "order_num": 528799, "total": "某品牌服装"}, {"area": "中国 重庆 重庆", "order_amount": 534171, "isPositive": 0, "app_ratio": "56.28%", "details": [{"num": 1, "productName": "蝴蝶结打不来"}], "order_num": 528799, "total": "某品牌服装"}, {"area": "中国 山东 济南", "order_amount": 534171, "isPositive": 1, "app_ratio": "56.28%", "details": [{"num": 1, "productName": "衣服不错"}], "order_num": 528799, "total": "某品牌服装"}, {"area": "中国 北京 北京", "order_amount": 534171, "isPositive": 0, "app_ratio": "56.28%", "details": [{"num": 1, "productName": "很大很长，版型很丑"}], "order_num": 528799, "total": "某品牌服装"}, {"area": "中国 福建 厦门", "order_amount": 534171, "isPositive": 1, "app_ratio": "56.28%", "details": [{"num": 1, "productName": "这款衣我很喜欢，颜色也挺好看，然后很好搭配"}], "order_num": 528799, "total": "某品牌服装"}, {"area": "中国 湖北 武汉", "order_amount": 534171, "isPositive": 1, "app_ratio": "56.28%", "details": [{"num": 1, "productName": "觉得这件绿色的很清爽，价格也没有贵的离谱，好评"}], "order_num": 528799, "total": "某品牌服装"}, {"area": "中国 云南 昆明", "order_amount": 534171, "isPositive": 1, "app_ratio": "56.28%", "details": [{"num": 1, "productName": "特别喜欢这个颜色，可爱的熊熊做工精致，喜欢！"}], "order_num": 528799, "total": "某品牌服装"}, {"area": "中国 广西 南宁", "order_amount": 534171, "isPositive": 0, "app_ratio": "56.28%", "details": [{"num": 1, "productName": "某衣服品牌的衣服肩普遍偏窄"}], "order_num": 528799, "total": "某品牌服装"}, {"area": "中国 四川 成都", "order_amount": 534171, "isPositive": 0, "app_ratio": "56.28%", "details": [{"num": 1, "productName": "衣服一般，袖子比较小，但是衣服却很长"}], "order_num": 528799, "total": "某品牌服装"}, {"area": "中国 江苏 南京", "order_amount": 534171, "isPositive": 1, "app_ratio": "56.28%", "details": [{"num": 1, "productName": "很正常的衣服 穿着很显瘦"}], "order_num": 528799, "total": "某品牌服装"}, {"area": "中国 河北 石家庄", "order_amount": 534171, "isPositive": 0, "app_ratio": "56.28%", "details": [{"num": 1, "productName": "洗好今天才刚穿了一天，竟然发现有个破洞！"}], "order_num": 528799, "total": "某品牌服装"}, {"area": "中国 四川 成都", "order_amount": 534171, "isPositive": 1, "app_ratio": "56.28%", "details": [{"num": 1, "productName": "颜色偏紫红，穿上还行，就是买大了一个号，稍微宽松."}], "order_num": 528799, "total": "某品牌服装"}, {"area": "中国 河南 郑州", "order_amount": 534171, "isPositive": 0, "app_ratio": "56.28%", "details": [{"num": 1, "productName": "穿上比较显胖，但是还是留下了，希望减肥成功。"}], "order_num": 528799, "total": "某品牌服装"}, {"area": "中国 内蒙古 呼和浩特", "order_amount": 534171, "isPositive": 1, "app_ratio": "56.28%", "details": [{"num": 1, "productName": "挺薄的 不错 价格太给力"}], "order_num": 528799, "total": "某品牌服装"}, {"area": "中国 辽宁 沈阳", "order_amount": 534171, "isPositive": 1, "app_ratio": "56.28%", "details": [{"num": 1, "productName": "舒服，凉快。喜欢某衣服品牌"}], "order_num": 528799, "total": "某品牌服装"}, {"area": "中国 内蒙古 呼和浩特", "order_amount": 534171, "isPositive": 1, "app_ratio": "56.28%", "details": [{"num": 1, "productName": "喜欢。很轻薄透气，夏天穿非常舒服。"}], "order_num": 528799, "total": "某品牌服装"}, {"area": "中国 湖北 武汉", "order_amount": 534171, "isPositive": 1, "app_ratio": "56.28%", "details": [{"num": 1, "productName": "不错，买了两件条纹的，一件玫红一件黑白，都蛮显瘦！"}], "order_num": 528799, "total": "某品牌服装"}, {"area": "中国 海南 海口", "order_amount": 534171, "isPositive": 1, "app_ratio": "56.28%", "details": [{"num": 1, "productName": "款式跟做工好"}], "order_num": 528799, "total": "某品牌服装"}, {"area": "中国 辽宁 沈阳", "order_amount": 534171, "isPositive": 1, "app_ratio": "56.28%", "details": [{"num": 1, "productName": "价格很优惠"}], "order_num": 528799, "total": "某品牌服装"}, {"area": "中国 北京 北京", "order_amount": 534171, "isPositive": 1, "app_ratio": "56.28%", "details": [{"num": 1, "productName": "衣衣很漂亮，上身很大气，版型也很好！"}], "order_num": 528799, "total": "某品牌服装"}, {"area": "中国 广西 南宁", "order_amount": 534171, "isPositive": 1, "app_ratio": "56.28%", "details": [{"num": 1, "productName": "感觉萌萌哒"}], "order_num": 528799, "total": "某品牌服装"}, {"area": "中国 湖南 长沙", "order_amount": 534171, "isPositive": 0, "app_ratio": "56.28%", "details": [{"num": 1, "productName": "整体还可以，身有些过长。"}], "order_num": 528799, "total": "某品牌服装"}, {"area": "中国 湖南 长沙", "order_amount": 534171, "isPositive": 0, "app_ratio": "56.28%", "details": [{"num": 1, "productName": "重量一般般。我觉得不是他们说的那么好"}], "order_num": 528799, "total": "某品牌服装"}, {"area": "中国 北京 北京", "order_amount": 534171, "isPositive": 1, "app_ratio": "56.28%", "details": [{"num": 1, "productName": "穿着很衬肤色"}], "order_num": 528799, "total": "某品牌服装"}, {"area": "中国 山西 太原", "order_amount": 534171, "isPositive": 1, "app_ratio": "56.28%", "details": [{"num": 1, "productName": "面料舒适，做工一般"}], "order_num": 528799, "total": "某品牌服装"}, {"area": "中国 安徽 合肥", "order_amount": 534171, "isPositive": 1, "app_ratio": "56.28%", "details": [{"num": 1, "productName": "颜色好，穿着舒适大方"}], "order_num": 528799, "total": "某品牌服装"}, {"area": "中国 贵州 贵阳", "order_amount": 534171, "isPositive": 1, "app_ratio": "56.28%", "details": [{"num": 1, "productName": "质量很好，衣服也很漂亮，大爱咯"}], "order_num": 528799, "total": "某品牌服装"}, {"area": "中国 重庆 重庆", "order_amount": 534171, "isPositive": 1, "app_ratio": "56.28%", "details": [{"num": 1, "productName": "衣服百搭尺码也合适"}], "order_num": 528799, "total": "某品牌服装"}, {"area": "中国 湖南 长沙", "order_amount": 534171, "isPositive": 1, "app_ratio": "56.28%", "details": [{"num": 1, "productName": "支持某衣服品牌"}], "order_num": 528799, "total": "某品牌服装"}, {"area": "中国 广西 南宁", "order_amount": 534171, "isPositive": 1, "app_ratio": "56.28%", "details": [{"num": 1, "productName": "很清新，减龄，穿着舒服"}], "order_num": 528799, "total": "某品牌服装"}, {"area": "中国 贵州 贵阳", "order_amount": 534171, "isPositive": 0, "app_ratio": "56.28%", "details": [{"num": 1, "productName": "横条纹有点显胖嘿嘿"}], "order_num": 528799, "total": "某品牌服装"}, {"area": "中国 内蒙古 呼和浩特", "order_amount": 534171, "isPositive": 0, "app_ratio": "56.28%", "details": [{"num": 1, "productName": "有点薄，颜色偏暗"}], "order_num": 528799, "total": "某品牌服装"}, {"area": "中国 海南 海口", "order_amount": 534171, "isPositive": 1, "app_ratio": "56.28%", "details": [{"num": 1, "productName": "做工很好的"}], "order_num": 528799, "total": "某品牌服装"}, {"area": "中国 香港 香港", "order_amount": 534171, "isPositive": 0, "app_ratio": "56.28%", "details": [{"num": 1, "productName": "有点点失望"}], "order_num": 528799, "total": "某品牌服装"}, {"area": "中国 新疆 乌鲁木齐", "order_amount": 534171, "isPositive": 0, "app_ratio": "56.28%", "details": [{"num": 1, "productName": "衣服弹力小，偏薄"}], "order_num": 528799, "total": "某品牌服装"}, {"area": "中国 澳门 澳门", "order_amount": 534171, "isPositive": 1, "app_ratio": "56.28%", "details": [{"num": 1, "productName": "上身效果不错，个人比较喜欢。"}], "order_num": 528799, "total": "某品牌服装"}, {"area": "中国 四川 成都", "order_amount": 534171, "isPositive": 1, "app_ratio": "56.28%", "details": [{"num": 1, "productName": "好美超喜欢"}], "order_num": 528799, "total": "某品牌服装"}, {"area": "中国 重庆 重庆", "order_amount": 534171, "isPositive": 1, "app_ratio": "56.28%", "details": [{"num": 1, "productName": "目前天气穿不了，但很可爱老公也说很好看。超级喜欢某衣服品牌家的衣服"}], "order_num": 528799, "total": "某品牌服装"}, {"area": "中国 广东 广州", "order_amount": 534171, "isPositive": 1, "app_ratio": "56.28%", "details": [{"num": 1, "productName": "衣服很漂亮哦，做工和手感一看就是正品哈"}], "order_num": 528799, "total": "某品牌服装"}, {"area": "中国 辽宁 沈阳", "order_amount": 534171, "isPositive": 1, "app_ratio": "56.28%", "details": [{"num": 1, "productName": "质量没的说，大小合适，稍微宽松些，我喜欢。"}], "order_num": 528799, "total": "某品牌服装"}, {"area": "中国 山西 太原", "order_amount": 534171, "isPositive": 1, "app_ratio": "56.28%", "details": [{"num": 1, "productName": "颜色鲜亮，就是夏天穿不了。。"}], "order_num": 528799, "total": "某品牌服装"}, {"area": "中国 山东 济南", "order_amount": 534171, "isPositive": 1, "app_ratio": "56.28%", "details": [{"num": 1, "productName": "挺好的 不愧是大品牌 质量好 样子漂亮 喜欢"}], "order_num": 528799, "total": "某品牌服装"}, {"area": "中国 安徽 合肥", "order_amount": 534171, "isPositive": 1, "app_ratio": "56.28%", "details": [{"num": 1, "productName": "漂亮，心仪已久，大爱，好评！"}], "order_num": 528799, "total": "某品牌服装"}, {"area": "中国 陕西 西安", "order_amount": 534171, "isPositive": 1, "app_ratio": "56.28%", "details": [{"num": 1, "productName": "衣服颜色清新，质感好，绣的小熊很可爱。"}], "order_num": 528799, "total": "某品牌服装"}, {"area": "中国 江苏 南京", "order_amount": 534171, "isPositive": 0, "app_ratio": "56.28%", "details": [{"num": 1, "productName": "衣服有瑕疵！"}], "order_num": 528799, "total": "某品牌服装"}, {"area": "中国 澳门 澳门", "order_amount": 534171, "isPositive": 0, "app_ratio": "56.28%", "details": [{"num": 1, "productName": "衣服有掉色的地方"}], "order_num": 528799, "total": "某品牌服装"}, {"area": "中国 广西 南宁", "order_amount": 534171, "isPositive": 1, "app_ratio": "56.28%", "details": [{"num": 1, "productName": "领子比较小，料子不错！挺厚的！"}], "order_num": 528799, "total": "某品牌服装"}, {"area": "中国 广西 南宁", "order_amount": 534171, "isPositive": 1, "app_ratio": "56.28%", "details": [{"num": 1, "productName": "很干净的配色，穿上很舒服，很减龄"}], "order_num": 528799, "total": "某品牌服装"}, {"area": "中国 云南 昆明", "order_amount": 534171, "isPositive": 0, "app_ratio": "56.28%", "details": [{"num": 1, "productName": "套头的地方太紧、头小的套进去都费劲"}], "order_num": 528799, "total": "某品牌服装"}, {"area": "中国 辽宁 沈阳", "order_amount": 534171, "isPositive": 1, "app_ratio": "56.28%", "details": [{"num": 1, "productName": "颜色很漂亮"}], "order_num": 528799, "total": "某品牌服装"}, {"area": "中国 陕西 西安", "order_amount": 534171, "isPositive": 0, "app_ratio": "56.28%", "details": [{"num": 1, "productName": "衣服比我想象中长了一些"}], "order_num": 528799, "total": "某品牌服装"}, {"area": "中国 山东 济南", "order_amount": 534171, "isPositive": 0, "app_ratio": "56.28%", "details": [{"num": 1, "productName": "为什么领子这么小 好难进 懒得换了"}], "order_num": 528799, "total": "某品牌服装"}, {"area": "中国 青海 西宁", "order_amount": 534171, "isPositive": 0, "app_ratio": "56.28%", "details": [{"num": 1, "productName": "衣服偏瘦弹性小"}], "order_num": 528799, "total": "某品牌服装"}, {"area": "中国 北京 北京", "order_amount": 534171, "isPositive": 1, "app_ratio": "56.28%", "details": [{"num": 1, "productName": "漂亮的卫衣，适合皮肤白的妹妹。"}], "order_num": 528799, "total": "某品牌服装"}, {"area": "中国 江苏 南京", "order_amount": 534171, "isPositive": 0, "app_ratio": "56.28%", "details": [{"num": 1, "productName": "胖妹子慎选"}], "order_num": 528799, "total": "某品牌服装"}, {"area": "中国 四川 成都", "order_amount": 534171, "isPositive": 0, "app_ratio": "56.28%", "details": [{"num": 1, "productName": "贴身款，颜色很亮，没色差！"}], "order_num": 528799, "total": "某品牌服装"}, {"area": "中国 吉林 长春", "order_amount": 534171, "isPositive": 1, "app_ratio": "56.28%", "details": [{"num": 1, "productName": "非常合身，漂亮"}], "order_num": 528799, "total": "某品牌服装"}, {"area": "中国 广西 南宁", "order_amount": 534171, "isPositive": 1, "app_ratio": "56.28%", "details": [{"num": 1, "productName": "女儿说好看很喜欢。"}], "order_num": 528799, "total": "某品牌服装"}]