{
 "name": "negative",
 "children": [
  {
    "name": "negative",
    "project": "某品牌服装",
    "children": [
        {
            "name": "比较显肉",
            "size": "220"
        },
        {
            "name": "蝴蝶结不好系",
            "size": "180"
        },
        {
            "name": "太紧身了",
            "size": "170"
        },
        {
            "name": "质量很一般",
            "size": "160"
        },
        {
            "name": "性价比不高",
            "size": "130"
        },
        {
            "name": "有点透",
            "size": "120"
        },
        {
            "name": "肩部太窄",
            "size": "110"
        },
        {
            "name": "有味道",
            "size": "110"
        },
        {
            "name": "领子难进",
            "size": "115"
        }
    ]
	}
 ]
}
