{
 "name": "positive",
 "children": [
  {
    "name": "positive",
    "project": "某品牌服装",
    "children": [
        {
            "name": "花纹精致",
            "size": "230"
        },
        {
            "name": "非常漂亮",
            "size": "200"
        },
        {
            "name": "颜色好看",
            "size": "170"
        },
        {
            "name": "细节做得好",
            "size": "160"
        },
        {
            "name": "比较修身",
            "size": "140"
        },
        {
            "name": "穿着舒服",
            "size": "140"
        },
        {
            "name": "萌萌哒",
            "size": "120"
        },
        {
            "name": "料子很好",
            "size": "110"
        },
        {
            "name": "质量不错",
            "size": "105"
        },
        {
            "name": "价格实惠",
            "size": "105"
        }
    ]
	}
 ]
}
