{
 "name": "negative",
 "children": [
 {
    "name": "negative",
    "project": "某品牌鞋",
    "children": [
        {
            "name": "鞋底太硬",
            "size": "220"
        },
        {
            "name": "太磨脚了",
            "size": "170"
        },
        {
            "name": "有气味",
            "size": "150"
        },
        {
            "name": "性价比不高",
            "size": "130"
        },
        {
            "name": "鞋跟太高",
            "size": "130"
        },
        {
            "name": "样子一般",
            "size": "115"
        },
        {
            "name": "鞋子开胶",
            "size": "115"
        }
    ]
	}
 ]
}
