{
 "name": "positive",
 "children": [
  {
    "name": "positive",
    "project": "某品牌鞋",
    "children": [
        {
            "name": "鞋子舒适好看",
            "size": "230"
        },
        {
            "name": "颜色很百搭",
            "size": "200"
        },
        {
            "name": "质量很好",
            "size": "160"
        },
        {
            "name": "脚感不错",
            "size": "140"
        },
        {
            "name": "皮质柔软",
            "size": "120"
        },
        {
            "name": "非常轻便",
            "size": "110"
        },
        {
            "name": "简洁优雅",
            "size": "110"
        },
        {
    		"name": "很合脚",
    		"size": "100"
        },
        {
    		"name": "是真皮",
    		"size": "100"
        }
    ]
	}
 ]
}
