[{"area": "中国 天津 天津", "order_amount": 4677576, "isPositive": 0, "app_ratio": "53.11%", "details": [{"num": 1, "productName": "味道和其他同系餐厅一样，并无特色"}], "order_num": 4610802, "total": "某品牌餐厅"}, {"area": "中国 广东 广州", "order_amount": 4677576, "isPositive": 0, "app_ratio": "53.11%", "details": [{"num": 1, "productName": "很难吃"}], "order_num": 4610802, "total": "某品牌餐厅"}, {"area": "中国 四川 成都", "order_amount": 4677576, "isPositive": 0, "app_ratio": "53.11%", "details": [{"num": 1, "productName": "吃多了就真的腻了。。。烧味拼盘的叉烧肉最赞。。。但是其他的都好腻。。。"}], "order_num": 4610802, "total": "某品牌餐厅"}, {"area": "中国 河南 郑州", "order_amount": 4677576, "isPositive": 0, "app_ratio": "53.11%", "details": [{"num": 1, "productName": "服务很一般了！明明我们先到的不让坐。"}], "order_num": 4610802, "total": "某品牌餐厅"}, {"area": "中国 河南 郑州", "order_amount": 4677576, "isPositive": 1, "app_ratio": "53.11%", "details": [{"num": 1, "productName": "口味真心赞。每道菜都很好吃。服务还可以，非常不错。"}], "order_num": 4610802, "total": "某品牌餐厅"}, {"area": "中国 甘肃 兰州", "order_amount": 4677576, "isPositive": 1, "app_ratio": "53.11%", "details": [{"num": 1, "productName": "环境还好，可以小聚闲聊。"}], "order_num": 4610802, "total": "某品牌餐厅"}, {"area": "中国 宁夏 银川", "order_amount": 4677576, "isPositive": 1, "app_ratio": "53.11%", "details": [{"num": 1, "productName": "菜品都是改良的粤菜，甜品和烧物值得期待"}], "order_num": 4610802, "total": "某品牌餐厅"}, {"area": "中国 江苏 南京", "order_amount": 4677576, "isPositive": 1, "app_ratio": "53.11%", "details": [{"num": 1, "productName": "环境很好，味道也不错。分量也足。"}], "order_num": 4610802, "total": "某品牌餐厅"}, {"area": "中国 云南 昆明", "order_amount": 4677576, "isPositive": 0, "app_ratio": "53.11%", "details": [{"num": 1, "productName": "晚上排队等位的人比较多"}], "order_num": 4610802, "total": "某品牌餐厅"}, {"area": "中国 新疆 乌鲁木齐", "order_amount": 4677576, "isPositive": 1, "app_ratio": "53.11%", "details": [{"num": 1, "productName": "性价比来说，某品牌餐厅的东西在茶餐厅里我觉得算佼佼者了。"}], "order_num": 4610802, "total": "某品牌餐厅"}, {"area": "中国 江西 南昌", "order_amount": 4677576, "isPositive": 1, "app_ratio": "53.11%", "details": [{"num": 1, "productName": "每次菜品发挥都算正常，没有特别失水准的时候"}], "order_num": 4610802, "total": "某品牌餐厅"}, {"area": "中国 湖北 武汉", "order_amount": 4677576, "isPositive": 1, "app_ratio": "53.11%", "details": [{"num": 1, "productName": "无论是甜品，饮料，肉类，主食，都是某品牌餐厅一直的好品质"}], "order_num": 4610802, "total": "某品牌餐厅"}, {"area": "中国 四川 成都", "order_amount": 4677576, "isPositive": 1, "app_ratio": "53.11%", "details": [{"num": 1, "productName": "这次来重温。发现换了菜单，夏季特供冷饮也非常有新意。"}], "order_num": 4610802, "total": "某品牌餐厅"}, {"area": "中国 江西 南昌", "order_amount": 4677576, "isPositive": 1, "app_ratio": "53.11%", "details": [{"num": 1, "productName": "吃来吃去还是觉得某品牌餐厅味道最纯正"}], "order_num": 4610802, "total": "某品牌餐厅"}, {"area": "中国 宁夏 银川", "order_amount": 4677576, "isPositive": 1, "app_ratio": "53.11%", "details": [{"num": 1, "productName": "非常火的一家店"}], "order_num": 4610802, "total": "某品牌餐厅"}, {"area": "中国 西藏 拉萨", "order_amount": 4677576, "isPositive": 0, "app_ratio": "53.11%", "details": [{"num": 1, "productName": "太油腻了，受不了"}], "order_num": 4610802, "total": "某品牌餐厅"}, {"area": "中国 澳门 澳门", "order_amount": 4677576, "isPositive": 1, "app_ratio": "53.11%", "details": [{"num": 1, "productName": "店面大了不少，排队不用排很久"}], "order_num": 4610802, "total": "某品牌餐厅"}, {"area": "中国 西藏 拉萨", "order_amount": 4677576, "isPositive": 0, "app_ratio": "53.11%", "details": [{"num": 1, "productName": "味道一般，人比较多"}], "order_num": 4610802, "total": "某品牌餐厅"}, {"area": "中国 天津 天津", "order_amount": 4677576, "isPositive": 1, "app_ratio": "53.11%", "details": [{"num": 1, "productName": "重新装修后又开张了，位置挺多，上菜也快"}], "order_num": 4610802, "total": "某品牌餐厅"}, {"area": "中国 澳门 澳门", "order_amount": 4677576, "isPositive": 0, "app_ratio": "53.11%", "details": [{"num": 1, "productName": "价格中等偏上，微贵"}], "order_num": 4610802, "total": "某品牌餐厅"}, {"area": "中国 上海 上海", "order_amount": 4677576, "isPositive": 0, "app_ratio": "53.11%", "details": [{"num": 1, "productName": "上菜也太慢了，等了2个小时"}], "order_num": 4610802, "total": "某品牌餐厅"}, {"area": "中国 福建 厦门", "order_amount": 4677576, "isPositive": 1, "app_ratio": "53.11%", "details": [{"num": 1, "productName": "菜的味道一如既往的好，特别喜欢龙虾汁海鲜捞饭，每次来都必点"}], "order_num": 4610802, "total": "某品牌餐厅"}, {"area": "中国 宁夏 银川", "order_amount": 4677576, "isPositive": 1, "app_ratio": "53.11%", "details": [{"num": 1, "productName": "说到某品牌餐厅，大家都应该知道，菜品味道好也是出了名的"}], "order_num": 4610802, "total": "某品牌餐厅"}, {"area": "中国 云南 昆明", "order_amount": 4677576, "isPositive": 0, "app_ratio": "53.11%", "details": [{"num": 1, "productName": "很多人都推荐这里，或许是我期待太高了，反而觉得没有想象中那么好"}], "order_num": 4610802, "total": "某品牌餐厅"}, {"area": "中国 湖南 长沙", "order_amount": 4677576, "isPositive": 1, "app_ratio": "53.11%", "details": [{"num": 1, "productName": "服务态度特别好，送的柠檬水喝完了，立马就有人给倒满。"}], "order_num": 4610802, "total": "某品牌餐厅"}, {"area": "中国 福建 厦门", "order_amount": 4677576, "isPositive": 0, "app_ratio": "53.11%", "details": [{"num": 1, "productName": "总体味道都还可以，没有不好吃的，但也没有特别惊艳的。"}], "order_num": 4610802, "total": "某品牌餐厅"}, {"area": "中国 内蒙古 呼和浩特", "order_amount": 4677576, "isPositive": 0, "app_ratio": "53.11%", "details": [{"num": 1, "productName": "换了装修风格，整体环境有点嘈杂"}], "order_num": 4610802, "total": "某品牌餐厅"}, {"area": "中国 广东 广州", "order_amount": 4677576, "isPositive": 0, "app_ratio": "53.11%", "details": [{"num": 1, "productName": "服务周到，价格算港式茶餐厅里贵的"}], "order_num": 4610802, "total": "某品牌餐厅"}, {"area": "中国 河北 石家庄", "order_amount": 4677576, "isPositive": 0, "app_ratio": "53.11%", "details": [{"num": 1, "productName": "很吵很像菜市场"}], "order_num": 4610802, "total": "某品牌餐厅"}, {"area": "中国 辽宁 沈阳", "order_amount": 4677576, "isPositive": 0, "app_ratio": "53.11%", "details": [{"num": 1, "productName": "服务质量一般，菜太油腻了。"}], "order_num": 4610802, "total": "某品牌餐厅"}, {"area": "中国 吉林 长春", "order_amount": 4677576, "isPositive": 0, "app_ratio": "53.11%", "details": [{"num": 1, "productName": "不知道为什么某品牌餐厅的装修变成了这个样子…很嘈杂，都没什么私密性了"}], "order_num": 4610802, "total": "某品牌餐厅"}, {"area": "中国 福建 厦门", "order_amount": 4677576, "isPositive": 1, "app_ratio": "53.11%", "details": [{"num": 1, "productName": "菜还可以吧，蛮好吃的"}], "order_num": 4610802, "total": "某品牌餐厅"}, {"area": "中国 浙江 杭州", "order_amount": 4677576, "isPositive": 1, "app_ratio": "53.11%", "details": [{"num": 1, "productName": "味道不错，服务不错，菜品稍贵。"}], "order_num": 4610802, "total": "某品牌餐厅"}, {"area": "中国 江苏 南京", "order_amount": 4677576, "isPositive": 1, "app_ratio": "53.11%", "details": [{"num": 1, "productName": "餐厅需要排队，人气比较旺"}], "order_num": 4610802, "total": "某品牌餐厅"}, {"area": "中国 湖北 武汉", "order_amount": 4677576, "isPositive": 0, "app_ratio": "53.11%", "details": [{"num": 1, "productName": "环境还可以，但还是有点吵"}], "order_num": 4610802, "total": "某品牌餐厅"}, {"area": "中国 宁夏 银川", "order_amount": 4677576, "isPositive": 0, "app_ratio": "53.11%", "details": [{"num": 1, "productName": "价格不是很便宜，有点小贵。"}], "order_num": 4610802, "total": "某品牌餐厅"}, {"area": "中国 辽宁 沈阳", "order_amount": 4677576, "isPositive": 1, "app_ratio": "53.11%", "details": [{"num": 1, "productName": "终于装修完啦 装修风格超级好 比原来的更有感觉"}], "order_num": 4610802, "total": "某品牌餐厅"}, {"area": "中国 安徽 合肥", "order_amount": 4677576, "isPositive": 0, "app_ratio": "53.11%", "details": [{"num": 1, "productName": "菜品不是很多，点的招牌推荐的，并没有我想象中惊艳~~~"}], "order_num": 4610802, "total": "某品牌餐厅"}, {"area": "中国 浙江 杭州", "order_amount": 4677576, "isPositive": 0, "app_ratio": "53.11%", "details": [{"num": 1, "productName": "味道淡，偏甜，还老是好多人排队，真的想不明白怎么那么火"}], "order_num": 4610802, "total": "某品牌餐厅"}, {"area": "中国 北京 北京", "order_amount": 4677576, "isPositive": 0, "app_ratio": "53.11%", "details": [{"num": 1, "productName": "环境特别嘈杂 服务态度特别差劲 点餐半天点不上"}], "order_num": 4610802, "total": "某品牌餐厅"}, {"area": "中国 香港 香港", "order_amount": 4677576, "isPositive": 1, "app_ratio": "53.11%", "details": [{"num": 1, "productName": "来过太多次了，每次还都是晚饭，真就没有一次不排号儿的，这么多年了还能保持这么火爆的人气也是不容易"}], "order_num": 4610802, "total": "某品牌餐厅"}, {"area": "中国 河南 郑州", "order_amount": 4677576, "isPositive": 0, "app_ratio": "53.11%", "details": [{"num": 1, "productName": "菜品的质量没什么问题，没什么特别让我记住的菜，但也没什么毛病，其实就是中规中矩吧～"}], "order_num": 4610802, "total": "某品牌餐厅"}, {"area": "中国 广西 南宁", "order_amount": 4677576, "isPositive": 0, "app_ratio": "53.11%", "details": [{"num": 1, "productName": "某品牌餐厅装完修之后越来越难吃了"}], "order_num": 4610802, "total": "某品牌餐厅"}, {"area": "中国 云南 昆明", "order_amount": 4677576, "isPositive": 1, "app_ratio": "53.11%", "details": [{"num": 1, "productName": "一般吧，菠萝包和脆皮肠粉还可以"}], "order_num": 4610802, "total": "某品牌餐厅"}, {"area": "中国 北京 北京", "order_amount": 4677576, "isPositive": 1, "app_ratio": "53.11%", "details": [{"num": 1, "productName": "海鲜饭我觉得还是一如既往的好吃，不知道点什么的话点这个准没错"}], "order_num": 4610802, "total": "某品牌餐厅"}, {"area": "中国 安徽 合肥", "order_amount": 4677576, "isPositive": 0, "app_ratio": "53.11%", "details": [{"num": 1, "productName": "环境很吵，而且很闷，赶紧喝点冰的降降温，服务也有点跟不上"}], "order_num": 4610802, "total": "某品牌餐厅"}, {"area": "中国 江西 南昌", "order_amount": 4677576, "isPositive": 0, "app_ratio": "53.11%", "details": [{"num": 1, "productName": "第二次还吃了～菜的分量不是很大，水煮鱼肉不多～价格不便宜。。"}], "order_num": 4610802, "total": "某品牌餐厅"}, {"area": "中国 福建 厦门", "order_amount": 4677576, "isPositive": 0, "app_ratio": "53.11%", "details": [{"num": 1, "productName": "空调有些凉，上菜略慢。"}], "order_num": 4610802, "total": "某品牌餐厅"}, {"area": "中国 北京 北京", "order_amount": 4677576, "isPositive": 0, "app_ratio": "53.11%", "details": [{"num": 1, "productName": "两道菜：杏鲍菇炒牛柳粒，田园炒杂蔬。味道还好，就是咸啊"}], "order_num": 4610802, "total": "某品牌餐厅"}, {"area": "中国 内蒙古 呼和浩特", "order_amount": 4677576, "isPositive": 1, "app_ratio": "53.11%", "details": [{"num": 1, "productName": "今天吃了慕名已久的某品牌餐厅。菜品不是一般的好、新装修的环境、品味也超赞"}], "order_num": 4610802, "total": "某品牌餐厅"}, {"area": "中国 浙江 杭州", "order_amount": 4677576, "isPositive": 1, "app_ratio": "53.11%", "details": [{"num": 1, "productName": "环境很干净，味道也很 好吃，饱饱的"}], "order_num": 4610802, "total": "某品牌餐厅"}, {"area": "中国 山西 太原", "order_amount": 4677576, "isPositive": 1, "app_ratio": "53.11%", "details": [{"num": 1, "productName": "食物很精致"}], "order_num": 4610802, "total": "某品牌餐厅"}, {"area": "中国 山东 济南", "order_amount": 4677576, "isPositive": 0, "app_ratio": "53.11%", "details": [{"num": 1, "productName": "感觉性价比不高 菜量较少 相对于这个价位来说口味确实非常一般了"}], "order_num": 4610802, "total": "某品牌餐厅"}, {"area": "中国 江西 南昌", "order_amount": 4677576, "isPositive": 1, "app_ratio": "53.11%", "details": [{"num": 1, "productName": "服务还是挺好的 茄子上来的时候是连在一起的 服务生主动帮着切茄子"}], "order_num": 4610802, "total": "某品牌餐厅"}, {"area": "中国 辽宁 沈阳", "order_amount": 4677576, "isPositive": 1, "app_ratio": "53.11%", "details": [{"num": 1, "productName": "菜品味道很好。"}], "order_num": 4610802, "total": "某品牌餐厅"}, {"area": "中国 湖南 长沙", "order_amount": 4677576, "isPositive": 0, "app_ratio": "53.11%", "details": [{"num": 1, "productName": "喝了一杯原味奶茶两小时后出现头晕、呕吐等症状。吓死宝宝了！差点食物中毒了送医院抢救了"}], "order_num": 4610802, "total": "某品牌餐厅"}, {"area": "中国 上海 上海", "order_amount": 4677576, "isPositive": 0, "app_ratio": "53.11%", "details": [{"num": 1, "productName": "超好吃的海鲜烩饭竟然没有了!没有了!!!"}], "order_num": 4610802, "total": "某品牌餐厅"}, {"area": "中国 新疆 乌鲁木齐", "order_amount": 4677576, "isPositive": 0, "app_ratio": "53.11%", "details": [{"num": 1, "productName": "服务员效率基本为0，找个钱等20分钟！"}], "order_num": 4610802, "total": "某品牌餐厅"}, {"area": "中国 安徽 合肥", "order_amount": 4677576, "isPositive": 1, "app_ratio": "53.11%", "details": [{"num": 1, "productName": "和朋友点的小午茶套餐～又点了些其他菜，量很大，味道也不错。"}], "order_num": 4610802, "total": "某品牌餐厅"}, {"area": "中国 江苏 南京", "order_amount": 4677576, "isPositive": 1, "app_ratio": "53.11%", "details": [{"num": 1, "productName": "奶茶好喝，鱼也不错，性价比很高"}], "order_num": 4610802, "total": "某品牌餐厅"}, {"area": "中国 宁夏 银川", "order_amount": 4677576, "isPositive": 0, "app_ratio": "53.11%", "details": [{"num": 1, "productName": "写点评的你们是水军么？装修呢，你们都吃上饭了?"}], "order_num": 4610802, "total": "某品牌餐厅"}, {"area": "中国 湖北 武汉", "order_amount": 4677576, "isPositive": 0, "app_ratio": "53.11%", "details": [{"num": 1, "productName": "人多要排队，口味有的还可以，总体一般"}], "order_num": 4610802, "total": "某品牌餐厅"}, {"area": "中国 内蒙古 呼和浩特", "order_amount": 4677576, "isPositive": 1, "app_ratio": "53.11%", "details": [{"num": 1, "productName": "甜品都推荐 抹茶冰沙超大份 简直不要太爽"}], "order_num": 4610802, "total": "某品牌餐厅"}, {"area": "中国 吉林 长春", "order_amount": 4677576, "isPositive": 0, "app_ratio": "53.11%", "details": [{"num": 1, "productName": "人太多，餐厅太热，实在是烦心。"}], "order_num": 4610802, "total": "某品牌餐厅"}, {"area": "中国 黑龙江 哈尔滨", "order_amount": 4677576, "isPositive": 0, "app_ratio": "53.11%", "details": [{"num": 1, "productName": "人多，服务跟不上。"}], "order_num": 4610802, "total": "某品牌餐厅"}, {"area": "中国 西藏 拉萨", "order_amount": 4677576, "isPositive": 1, "app_ratio": "53.11%", "details": [{"num": 1, "productName": "菜品和环境还可以"}], "order_num": 4610802, "total": "某品牌餐厅"}, {"area": "中国 江苏 南京", "order_amount": 4677576, "isPositive": 1, "app_ratio": "53.11%", "details": [{"num": 1, "productName": "每次去人都超多，味道还行，喜欢他们家的炒饭，哈哈哈"}], "order_num": 4610802, "total": "某品牌餐厅"}, {"area": "中国 安徽 合肥", "order_amount": 4677576, "isPositive": 1, "app_ratio": "53.11%", "details": [{"num": 1, "productName": "人多，要么早去要么排队，味道、环境都不错，就是人太多服务员有时不够用。"}], "order_num": 4610802, "total": "某品牌餐厅"}, {"area": "中国 浙江 杭州", "order_amount": 4677576, "isPositive": 0, "app_ratio": "53.11%", "details": [{"num": 1, "productName": "中规中矩吧，一贯的风格，实在不知道吃啥了才去的"}], "order_num": 4610802, "total": "某品牌餐厅"}, {"area": "中国 湖南 长沙", "order_amount": 4677576, "isPositive": 0, "app_ratio": "53.11%", "details": [{"num": 1, "productName": "吃过好多次这里了，都觉得越来越差劲~量越来越少了"}], "order_num": 4610802, "total": "某品牌餐厅"}, {"area": "中国 江西 南昌", "order_amount": 4677576, "isPositive": 1, "app_ratio": "53.11%", "details": [{"num": 1, "productName": "某品牌餐厅还是很赞的、味道很好、就是总要排队"}], "order_num": 4610802, "total": "某品牌餐厅"}, {"area": "中国 青海 西宁", "order_amount": 4677576, "isPositive": 0, "app_ratio": "53.11%", "details": [{"num": 1, "productName": "就是人多，每次总是排队，不过也说明好吃。"}], "order_num": 4610802, "total": "某品牌餐厅"}, {"area": "中国 海南 海口", "order_amount": 4677576, "isPositive": 0, "app_ratio": "53.11%", "details": [{"num": 1, "productName": "菜口味不错，但是环境不太好，有点油乎乎的，而且油烟味道很大。"}], "order_num": 4610802, "total": "某品牌餐厅"}, {"area": "中国 陕西 西安", "order_amount": 4677576, "isPositive": 0, "app_ratio": "53.11%", "details": [{"num": 1, "productName": "永远都在等座中 里面真的太热了 桌和桌挨的太近了 先上主食然后等半天才上主菜"}], "order_num": 4610802, "total": "某品牌餐厅"}, {"area": "中国 江西 南昌", "order_amount": 4677576, "isPositive": 1, "app_ratio": "53.11%", "details": [{"num": 1, "productName": "味道很好，也贵一些，不过值得，中午人特别多，等了快2个小时～"}], "order_num": 4610802, "total": "某品牌餐厅"}, {"area": "中国 吉林 长春", "order_amount": 4677576, "isPositive": 1, "app_ratio": "53.11%", "details": [{"num": 1, "productName": "无可挑剔！"}], "order_num": 4610802, "total": "某品牌餐厅"}, {"area": "中国 海南 海口", "order_amount": 4677576, "isPositive": 1, "app_ratio": "53.11%", "details": [{"num": 1, "productName": "环境很好就是人多显得有些噪杂，服务效率很高，不愧是大餐厅，菜都很棒，口味棒棒的！"}], "order_num": 4610802, "total": "某品牌餐厅"}, {"area": "中国 安徽 合肥", "order_amount": 4677576, "isPositive": 0, "app_ratio": "53.11%", "details": [{"num": 1, "productName": "进餐厅太热了!服务员还是挺热情的，菜一般。"}], "order_num": 4610802, "total": "某品牌餐厅"}, {"area": "中国 陕西 西安", "order_amount": 4677576, "isPositive": 1, "app_ratio": "53.11%", "details": [{"num": 1, "productName": "某品牌餐厅好吃，就是队不好排呀，至今为止还是我心中港式茶餐厅第一位。"}], "order_num": 4610802, "total": "某品牌餐厅"}, {"area": "中国 湖北 武汉", "order_amount": 4677576, "isPositive": 0, "app_ratio": "53.11%", "details": [{"num": 1, "productName": "味道是不错，就是价格太贵了………"}], "order_num": 4610802, "total": "某品牌餐厅"}, {"area": "中国 青海 西宁", "order_amount": 4677576, "isPositive": 1, "app_ratio": "53.11%", "details": [{"num": 1, "productName": "口味真心赞，点的每个菜不管是新品还是经典都好吃"}], "order_num": 4610802, "total": "某品牌餐厅"}, {"area": "中国 吉林 长春", "order_amount": 4677576, "isPositive": 0, "app_ratio": "53.11%", "details": [{"num": 1, "productName": "服务真心差，叫号的服务员有些混乱"}], "order_num": 4610802, "total": "某品牌餐厅"}, {"area": "中国 北京 北京", "order_amount": 4677576, "isPositive": 0, "app_ratio": "53.11%", "details": [{"num": 1, "productName": "份量较少，男的吃得多点，女孩子的话足够了。"}], "order_num": 4610802, "total": "某品牌餐厅"}, {"area": "中国 山东 济南", "order_amount": 4677576, "isPositive": 1, "app_ratio": "53.11%", "details": [{"num": 1, "productName": "口味挺好，有点甜"}], "order_num": 4610802, "total": "某品牌餐厅"}, {"area": "中国 陕西 西安", "order_amount": 4677576, "isPositive": 1, "app_ratio": "53.11%", "details": [{"num": 1, "productName": "服务很好，人暴多，上菜速度还是那么快！不错哟！"}], "order_num": 4610802, "total": "某品牌餐厅"}, {"area": "中国 陕西 西安", "order_amount": 4677576, "isPositive": 0, "app_ratio": "53.11%", "details": [{"num": 1, "productName": "永远排队，春节也不例外,店内很热"}], "order_num": 4610802, "total": "某品牌餐厅"}, {"area": "中国 河北 石家庄", "order_amount": 4677576, "isPositive": 1, "app_ratio": "53.11%", "details": [{"num": 1, "productName": "口味赞赞也不算太贵，环境好，推荐啦"}], "order_num": 4610802, "total": "某品牌餐厅"}, {"area": "中国 重庆 重庆", "order_amount": 4677576, "isPositive": 0, "app_ratio": "53.11%", "details": [{"num": 1, "productName": "环境还不错，但菜的味道一般，价格还算可以，虽然有点偏贵"}], "order_num": 4610802, "total": "某品牌餐厅"}, {"area": "中国 甘肃 兰州", "order_amount": 4677576, "isPositive": 1, "app_ratio": "53.11%", "details": [{"num": 1, "productName": "非常好，就是有些小贵"}], "order_num": 4610802, "total": "某品牌餐厅"}, {"area": "中国 安徽 合肥", "order_amount": 4677576, "isPositive": 0, "app_ratio": "53.11%", "details": [{"num": 1, "productName": "越来越难吃…以前挺爱去某品牌餐厅的，以后真的没法去了…东西难吃死了"}], "order_num": 4610802, "total": "某品牌餐厅"}, {"area": "中国 吉林 长春", "order_amount": 4677576, "isPositive": 0, "app_ratio": "53.11%", "details": [{"num": 1, "productName": "除了环境不错，服务，口味都是垃圾…再也不会去了。"}], "order_num": 4610802, "total": "某品牌餐厅"}, {"area": "中国 青海 西宁", "order_amount": 4677576, "isPositive": 1, "app_ratio": "53.11%", "details": [{"num": 1, "productName": "菜品还算可口，只是菜量有点小。"}], "order_num": 4610802, "total": "某品牌餐厅"}, {"area": "中国 四川 成都", "order_amount": 4677576, "isPositive": 1, "app_ratio": "53.11%", "details": [{"num": 1, "productName": "点的都吃光啦，荷叶牛仔骨有点老了，担担面味道不错，我喜欢那种浓浓的辣辣的感觉。"}], "order_num": 4610802, "total": "某品牌餐厅"}, {"area": "中国 安徽 合肥", "order_amount": 4677576, "isPositive": 0, "app_ratio": "53.11%", "details": [{"num": 1, "productName": "现在的某品牌餐厅已经完全不是以前那感觉了 刚坐下 没有服务员来接待 得招手才有服务员来"}], "order_num": 4610802, "total": "某品牌餐厅"}, {"area": "中国 山东 济南", "order_amount": 4677576, "isPositive": 1, "app_ratio": "53.11%", "details": [{"num": 1, "productName": "团购性价比很高，已经第二次来吃了。服务员态度特别好"}], "order_num": 4610802, "total": "某品牌餐厅"}, {"area": "中国 香港 香港", "order_amount": 4677576, "isPositive": 1, "app_ratio": "53.11%", "details": [{"num": 1, "productName": "每种菜品做的都不错。蜂蜜厚多士、菠萝包、酸菜鱼。。。。。"}], "order_num": 4610802, "total": "某品牌餐厅"}, {"area": "中国 甘肃 兰州", "order_amount": 4677576, "isPositive": 1, "app_ratio": "53.11%", "details": [{"num": 1, "productName": "免费的柠檬水很好喝，点了海鲜饭，料很足，饭有一点点腻"}], "order_num": 4610802, "total": "某品牌餐厅"}, {"area": "中国 江西 南昌", "order_amount": 4677576, "isPositive": 1, "app_ratio": "53.11%", "details": [{"num": 1, "productName": "菜的味道好吃，就是每家店都要排号排好长的时间"}], "order_num": 4610802, "total": "某品牌餐厅"}, {"area": "中国 青海 西宁", "order_amount": 4677576, "isPositive": 1, "app_ratio": "53.11%", "details": [{"num": 1, "productName": "地方比较好找，最喜欢吃鸡翅了，每次去必点，面包也不错哦"}], "order_num": 4610802, "total": "某品牌餐厅"}, {"area": "中国 澳门 澳门", "order_amount": 4677576, "isPositive": 1, "app_ratio": "53.11%", "details": [{"num": 1, "productName": "还好！不太喜欢甜食！还好吧！还好吧"}], "order_num": 4610802, "total": "某品牌餐厅"}]