{
 "name": "negative",
 "children": [
	{
    "name": "negative",
    "project": "某品牌餐厅",
    "children": [
        {
            "name": "环境嘈杂",
            "size": "210"
        },
        {
            "name": "人太多",
            "size": "200"
        },
        {
            "name": "需要排队",
            "size": "170"
        },
        {
            "name": "上菜太慢",
            "size": "150"
        },
        {
            "name": "味道很一般",
            "size": "140"
        },
        {
            "name": "太油腻",
            "size": "130"
        },
        {
            "name": "服务态度差劲",
            "size": "140"
        },
        {
            "name": "价格太贵",
            "size": "115"
        },
        {
            "name": "很热",
            "size": "70"
        }

    ]
	}
 ]
}
