{
 "name": "positive",
 "children": [
 {
    "name": "positive",
    "project": "某品牌餐厅",
    "children": [
        {
            "name": "人气火爆",
            "size": "220"
        },
        {
            "name": "服务态度好",
            "size": "210"
        },
        {
            "name": "菜品可口",
            "size": "160"
        },
        {
            "name": "食物很精致",
            "size": "155"
        },
        {
            "name": "甜品很赞",
            "size": "120"
        },
        {
            "name": "海鲜饭不错",
            "size": "140"
        },
        {
            "name": "环境不错",
            "size": "110"
        },
        {
        		"name": "菜品多样",
        		"size": "115"
        }
    ]
	}
 ]
}
