[{"area": "中国 云南 昆明", "order_amount": 382574, "isPositive": 1, "app_ratio": "54.81%", "details": [{"num": 1, "productName": "当做精华用，抗敏保湿特别好"}], "order_num": 371574, "total": "某品牌化妆品"}, {"area": "中国 宁夏 银川", "order_amount": 382574, "isPositive": 0, "app_ratio": "54.81%", "details": [{"num": 1, "productName": "如果混皮的话，可以直接当做乳液，相当于护肤最后一部"}], "order_num": 371574, "total": "某品牌化妆品"}, {"area": "中国 湖南 长沙", "order_amount": 382574, "isPositive": 0, "app_ratio": "54.81%", "details": [{"num": 1, "productName": "虽然很喜欢它的味道，可是洗完之后未免太滑了吧，强迫症觉得完全没洗干净好嘛"}], "order_num": 371574, "total": "某品牌化妆品"}, {"area": "中国 重庆 重庆", "order_amount": 382574, "isPositive": 0, "app_ratio": "54.81%", "details": [{"num": 1, "productName": "效果一般"}], "order_num": 371574, "total": "某品牌化妆品"}, {"area": "中国 福建 厦门", "order_amount": 382574, "isPositive": 1, "app_ratio": "54.81%", "details": [{"num": 1, "productName": "成分好，效果不错"}], "order_num": 371574, "total": "某品牌化妆品"}, {"area": "中国 香港 香港", "order_amount": 382574, "isPositive": 0, "app_ratio": "54.81%", "details": [{"num": 1, "productName": "性价比低，味道大，难保存"}], "order_num": 371574, "total": "某品牌化妆品"}, {"area": "中国 黑龙江 哈尔滨", "order_amount": 382574, "isPositive": 0, "app_ratio": "54.81%", "details": [{"num": 1, "productName": "有点小贵啊"}], "order_num": 371574, "total": "某品牌化妆品"}, {"area": "中国 香港 香港", "order_amount": 382574, "isPositive": 1, "app_ratio": "54.81%", "details": [{"num": 1, "productName": "面膜的精华液粘度适中，不多不少，敷完都不用洗掉，使用感棒呆，补水效果也是阔以的。"}], "order_num": 371574, "total": "某品牌化妆品"}, {"area": "中国 云南 昆明", "order_amount": 382574, "isPositive": 0, "app_ratio": "54.81%", "details": [{"num": 1, "productName": "用完皮肤会泛红，第二天早上起来也是红红的"}], "order_num": 371574, "total": "某品牌化妆品"}, {"area": "中国 福建 厦门", "order_amount": 382574, "isPositive": 1, "app_ratio": "54.81%", "details": [{"num": 1, "productName": "某品牌化妆品的产品不光效果好，最重要的是安全"}], "order_num": 371574, "total": "某品牌化妆品"}, {"area": "中国 云南 昆明", "order_amount": 382574, "isPositive": 1, "app_ratio": "54.81%", "details": [{"num": 1, "productName": "安全温和无刺激 防水不油腻 安全性强"}], "order_num": 371574, "total": "某品牌化妆品"}, {"area": "中国 澳门 澳门", "order_amount": 382574, "isPositive": 1, "app_ratio": "54.81%", "details": [{"num": 1, "productName": "保湿易吸收，方便携带"}], "order_num": 371574, "total": "某品牌化妆品"}, {"area": "中国 山西 太原", "order_amount": 382574, "isPositive": 1, "app_ratio": "54.81%", "details": [{"num": 1, "productName": "安全不过敏，这是重点"}], "order_num": 371574, "total": "某品牌化妆品"}, {"area": "中国 天津 天津", "order_amount": 382574, "isPositive": 1, "app_ratio": "54.81%", "details": [{"num": 1, "productName": "持久防晒"}], "order_num": 371574, "total": "某品牌化妆品"}, {"area": "中国 湖北 武汉", "order_amount": 382574, "isPositive": 1, "app_ratio": "54.81%", "details": [{"num": 1, "productName": "质地清爽，敏感皮肤也能用"}], "order_num": 371574, "total": "某品牌化妆品"}, {"area": "中国 河北 石家庄", "order_amount": 382574, "isPositive": 1, "app_ratio": "54.81%", "details": [{"num": 1, "productName": "触感细滑，易吸收"}], "order_num": 371574, "total": "某品牌化妆品"}, {"area": "中国 甘肃 兰州", "order_amount": 382574, "isPositive": 1, "app_ratio": "54.81%", "details": [{"num": 1, "productName": "很适合我的皮肤，补水效果好"}], "order_num": 371574, "total": "某品牌化妆品"}, {"area": "中国 浙江 杭州", "order_amount": 382574, "isPositive": 1, "app_ratio": "54.81%", "details": [{"num": 1, "productName": "水润易吸收、清洁不残留"}], "order_num": 371574, "total": "某品牌化妆品"}, {"area": "中国 福建 厦门", "order_amount": 382574, "isPositive": 1, "app_ratio": "54.81%", "details": [{"num": 1, "productName": "晴天用某品牌化妆品小金刚晒不黑"}], "order_num": 371574, "total": "某品牌化妆品"}, {"area": "中国 香港 香港", "order_amount": 382574, "isPositive": 1, "app_ratio": "54.81%", "details": [{"num": 1, "productName": "阴天和多云用日间隔离好抵抗"}], "order_num": 371574, "total": "某品牌化妆品"}, {"area": "中国 山东 济南", "order_amount": 382574, "isPositive": 1, "app_ratio": "54.81%", "details": [{"num": 1, "productName": "夏天晒伤开始就一直在用某品牌化妆品的产品，真的还蛮不错~"}], "order_num": 371574, "total": "某品牌化妆品"}, {"area": "中国 重庆 重庆", "order_amount": 382574, "isPositive": 1, "app_ratio": "54.81%", "details": [{"num": 1, "productName": "有了某品牌化妆品防晒喷雾就不怕下水防晒全掉光啦！"}], "order_num": 371574, "total": "某品牌化妆品"}, {"area": "中国 甘肃 兰州", "order_amount": 382574, "isPositive": 1, "app_ratio": "54.81%", "details": [{"num": 1, "productName": "我用了这些时日以来，肌肤提亮了不少"}], "order_num": 371574, "total": "某品牌化妆品"}, {"area": "中国 陕西 西安", "order_amount": 382574, "isPositive": 0, "app_ratio": "54.81%", "details": [{"num": 1, "productName": "保湿效果太一般了"}], "order_num": 371574, "total": "某品牌化妆品"}, {"area": "中国 上海 上海", "order_amount": 382574, "isPositive": 0, "app_ratio": "54.81%", "details": [{"num": 1, "productName": "不太适合我，适合干性皮肤的人"}], "order_num": 371574, "total": "某品牌化妆品"}, {"area": "中国 天津 天津", "order_amount": 382574, "isPositive": 1, "app_ratio": "54.81%", "details": [{"num": 1, "productName": "某品牌化妆品小金刚最最吸引我的就是她独特的外形，如此便携"}], "order_num": 371574, "total": "某品牌化妆品"}, {"area": "中国 福建 厦门", "order_amount": 382574, "isPositive": 1, "app_ratio": "54.81%", "details": [{"num": 1, "productName": "我家孩子的就是买的某品牌化妆品这个三重霜，不错的"}], "order_num": 371574, "total": "某品牌化妆品"}, {"area": "中国 甘肃 兰州", "order_amount": 382574, "isPositive": 1, "app_ratio": "54.81%", "details": [{"num": 1, "productName": "某品牌化妆品，性价比也算不错的，强烈推荐"}], "order_num": 371574, "total": "某品牌化妆品"}, {"area": "中国 云南 昆明", "order_amount": 382574, "isPositive": 0, "app_ratio": "54.81%", "details": [{"num": 1, "productName": "味道不好闻，以后不会再买了"}], "order_num": 371574, "total": "某品牌化妆品"}, {"area": "中国 北京 北京", "order_amount": 382574, "isPositive": 1, "app_ratio": "54.81%", "details": [{"num": 1, "productName": "随时补水，又不会花妆，好使"}], "order_num": 371574, "total": "某品牌化妆品"}, {"area": "中国 福建 厦门", "order_amount": 382574, "isPositive": 1, "app_ratio": "54.81%", "details": [{"num": 1, "productName": "补水保湿效果好"}], "order_num": 371574, "total": "某品牌化妆品"}, {"area": "中国 西藏 拉萨", "order_amount": 382574, "isPositive": 0, "app_ratio": "54.81%", "details": [{"num": 1, "productName": "其实我更喜欢水的清爽，这款乳液反正一般般，帮朋友代买的"}], "order_num": 371574, "total": "某品牌化妆品"}, {"area": "中国 上海 上海", "order_amount": 382574, "isPositive": 1, "app_ratio": "54.81%", "details": [{"num": 1, "productName": "一款好的乳液，带来的不只是水嫩Q弹，打破秋冬干燥就靠你"}], "order_num": 371574, "total": "某品牌化妆品"}, {"area": "中国 广东 广州", "order_amount": 382574, "isPositive": 0, "app_ratio": "54.81%", "details": [{"num": 1, "productName": "居然涨价了，不开心"}], "order_num": 371574, "total": "某品牌化妆品"}, {"area": "中国 山东 济南", "order_amount": 382574, "isPositive": 1, "app_ratio": "54.81%", "details": [{"num": 1, "productName": "我皮肤很油，用了这个以后很清爽"}], "order_num": 371574, "total": "某品牌化妆品"}, {"area": "中国 山东 济南", "order_amount": 382574, "isPositive": 1, "app_ratio": "54.81%", "details": [{"num": 1, "productName": "我已经用了好几瓶了，总体来说是一款很适合春夏使用的产品"}], "order_num": 371574, "total": "某品牌化妆品"}, {"area": "中国 浙江 杭州", "order_amount": 382574, "isPositive": 0, "app_ratio": "54.81%", "details": [{"num": 1, "productName": "用了之后就过敏了，广告骗人！！"}], "order_num": 371574, "total": "某品牌化妆品"}, {"area": "中国 山东 济南", "order_amount": 382574, "isPositive": 1, "app_ratio": "54.81%", "details": [{"num": 1, "productName": "真心不错好用！某品牌化妆品大喷来之不易且行且珍惜！"}], "order_num": 371574, "total": "某品牌化妆品"}, {"area": "中国 广东 广州", "order_amount": 382574, "isPositive": 1, "app_ratio": "54.81%", "details": [{"num": 1, "productName": "换季必备！电脑族必备！ 敏感肌必备 ️熬夜必备 ️晒后必备️补水必备"}], "order_num": 371574, "total": "某品牌化妆品"}, {"area": "中国 内蒙古 呼和浩特", "order_amount": 382574, "isPositive": 0, "app_ratio": "54.81%", "details": [{"num": 1, "productName": "用起来感觉很水，也不会有油乎乎的感觉，挺爽的，只是一会会脸上又觉得干了"}], "order_num": 371574, "total": "某品牌化妆品"}, {"area": "中国 辽宁 沈阳", "order_amount": 382574, "isPositive": 1, "app_ratio": "54.81%", "details": [{"num": 1, "productName": "冬天使用的时候觉得非常湿润，质地也很柔和"}], "order_num": 371574, "total": "某品牌化妆品"}, {"area": "中国 四川 成都", "order_amount": 382574, "isPositive": 1, "app_ratio": "54.81%", "details": [{"num": 1, "productName": "使用后肌肤饱满有弹性，水油平衡，保湿度很高"}], "order_num": 371574, "total": "某品牌化妆品"}, {"area": "中国 新疆 乌鲁木齐", "order_amount": 382574, "isPositive": 1, "app_ratio": "54.81%", "details": [{"num": 1, "productName": "使用时有点略干，有一定提亮肤色的作用，用于平时的成都防晒为主，质地稀薄，孕妇可用"}], "order_num": 371574, "total": "某品牌化妆品"}, {"area": "中国 澳门 澳门", "order_amount": 382574, "isPositive": 1, "app_ratio": "54.81%", "details": [{"num": 1, "productName": "质感轻盈，瓶口非常容易掌握用量，肌肤也很柔滑，滋润轻薄，还可以清除毒素也可以改善内部防御，面部看起来更加亮泽"}], "order_num": 371574, "total": "某品牌化妆品"}, {"area": "中国 陕西 西安", "order_amount": 382574, "isPositive": 0, "app_ratio": "54.81%", "details": [{"num": 1, "productName": "粉尘感略重，就是容易搓出“甲甲”，出了汗容易起白印子，建议不要用在脸部。"}], "order_num": 371574, "total": "某品牌化妆品"}, {"area": "中国 宁夏 银川", "order_amount": 382574, "isPositive": 0, "app_ratio": "54.81%", "details": [{"num": 1, "productName": "比较油，而且不透气，建议皮肤比较油的美女些不要选择这一款"}], "order_num": 371574, "total": "某品牌化妆品"}, {"area": "中国 西藏 拉萨", "order_amount": 382574, "isPositive": 1, "app_ratio": "54.81%", "details": [{"num": 1, "productName": "保湿效果极佳，清爽不黏腻"}], "order_num": 371574, "total": "某品牌化妆品"}, {"area": "中国 山西 太原", "order_amount": 382574, "isPositive": 1, "app_ratio": "54.81%", "details": [{"num": 1, "productName": "防汗，防油，不用卸妆"}], "order_num": 371574, "total": "某品牌化妆品"}, {"area": "中国 河北 石家庄", "order_amount": 382574, "isPositive": 1, "app_ratio": "54.81%", "details": [{"num": 1, "productName": "保湿、轻薄、不油腻"}], "order_num": 371574, "total": "某品牌化妆品"}, {"area": "中国 香港 香港", "order_amount": 382574, "isPositive": 1, "app_ratio": "54.81%", "details": [{"num": 1, "productName": "轻薄，质地不油腻；全身都可以使用"}], "order_num": 371574, "total": "某品牌化妆品"}, {"area": "中国 青海 西宁", "order_amount": 382574, "isPositive": 1, "app_ratio": "54.81%", "details": [{"num": 1, "productName": "清爽不粘腻，无浮白效果"}], "order_num": 371574, "total": "某品牌化妆品"}, {"area": "中国 江西 南昌", "order_amount": 382574, "isPositive": 1, "app_ratio": "54.81%", "details": [{"num": 1, "productName": "户外可以随时降温，补水"}], "order_num": 371574, "total": "某品牌化妆品"}, {"area": "中国 四川 成都", "order_amount": 382574, "isPositive": 1, "app_ratio": "54.81%", "details": [{"num": 1, "productName": "防晒效果不错，有香味，保湿效果也不错"}], "order_num": 371574, "total": "某品牌化妆品"}, {"area": "中国 甘肃 兰州", "order_amount": 382574, "isPositive": 1, "app_ratio": "54.81%", "details": [{"num": 1, "productName": "用了以后肌肤弹性变好了"}], "order_num": 371574, "total": "某品牌化妆品"}, {"area": "中国 山西 太原", "order_amount": 382574, "isPositive": 0, "app_ratio": "54.81%", "details": [{"num": 1, "productName": "很油腻，用了之后肌肤不舒服"}], "order_num": 371574, "total": "某品牌化妆品"}, {"area": "中国 甘肃 兰州", "order_amount": 382574, "isPositive": 1, "app_ratio": "54.81%", "details": [{"num": 1, "productName": "清爽不油腻不会闷痘"}], "order_num": 371574, "total": "某品牌化妆品"}, {"area": "中国 宁夏 银川", "order_amount": 382574, "isPositive": 1, "app_ratio": "54.81%", "details": [{"num": 1, "productName": "某品牌化妆品的产品越来越让人放心了"}], "order_num": 371574, "total": "某品牌化妆品"}, {"area": "中国 香港 香港", "order_amount": 382574, "isPositive": 1, "app_ratio": "54.81%", "details": [{"num": 1, "productName": "威力真的惊到我了，眼妆保持一天不是问题"}], "order_num": 371574, "total": "某品牌化妆品"}, {"area": "中国 广东 广州", "order_amount": 382574, "isPositive": 1, "app_ratio": "54.81%", "details": [{"num": 1, "productName": "秒杀各种猪油膏，质地较稀，上脸很稀薄，没什么负担感。"}], "order_num": 371574, "total": "某品牌化妆品"}, {"area": "中国 湖北 武汉", "order_amount": 382574, "isPositive": 1, "app_ratio": "54.81%", "details": [{"num": 1, "productName": "国外很火的一款眼部打底。　"}], "order_num": 371574, "total": "某品牌化妆品"}, {"area": "中国 广西 南宁", "order_amount": 382574, "isPositive": 1, "app_ratio": "54.81%", "details": [{"num": 1, "productName": "性价比不是很高，开封后只有6个月保质期"}], "order_num": 371574, "total": "某品牌化妆品"}, {"area": "中国 四川 成都", "order_amount": 382574, "isPositive": 0, "app_ratio": "54.81%", "details": [{"num": 1, "productName": "毫无控油效果，还会助你脱妆更快一步。"}], "order_num": 371574, "total": "某品牌化妆品"}, {"area": "中国 内蒙古 呼和浩特", "order_amount": 382574, "isPositive": 1, "app_ratio": "54.81%", "details": [{"num": 1, "productName": "用某品牌化妆品一直都挺放心的，应该有修护保湿霜"}], "order_num": 371574, "total": "某品牌化妆品"}, {"area": "中国 湖北 武汉", "order_amount": 382574, "isPositive": 1, "app_ratio": "54.81%", "details": [{"num": 1, "productName": "别人一直推荐某品牌化妆品，用了效果真的不错"}], "order_num": 371574, "total": "某品牌化妆品"}, {"area": "中国 湖北 武汉", "order_amount": 382574, "isPositive": 0, "app_ratio": "54.81%", "details": [{"num": 1, "productName": "用了以后皮肤很痒，停用就好了~~"}], "order_num": 371574, "total": "某品牌化妆品"}, {"area": "中国 江西 南昌", "order_amount": 382574, "isPositive": 1, "app_ratio": "54.81%", "details": [{"num": 1, "productName": "很划算，99元买了个套装"}], "order_num": 371574, "total": "某品牌化妆品"}, {"area": "中国 广东 广州", "order_amount": 382574, "isPositive": 1, "app_ratio": "54.81%", "details": [{"num": 1, "productName": "某品牌化妆品简直是敏感肌的福音！"}], "order_num": 371574, "total": "某品牌化妆品"}, {"area": "中国 河北 石家庄", "order_amount": 382574, "isPositive": 1, "app_ratio": "54.81%", "details": [{"num": 1, "productName": "某品牌化妆品修红舒缓精华露精华液已经收到，感觉很满意，某品牌化妆品态度也很好"}], "order_num": 371574, "total": "某品牌化妆品"}, {"area": "中国 宁夏 银川", "order_amount": 382574, "isPositive": 0, "app_ratio": "54.81%", "details": [{"num": 1, "productName": "香水和护理液也要过期了。。。卖我护理液的把快过期的买给我了，也怪我当时着急没有注意。某品牌化妆品的东西就是容易坏"}], "order_num": 371574, "total": "某品牌化妆品"}, {"area": "中国 黑龙江 哈尔滨", "order_amount": 382574, "isPositive": 1, "app_ratio": "54.81%", "details": [{"num": 1, "productName": "温和无刺激，用着舒服"}], "order_num": 371574, "total": "某品牌化妆品"}, {"area": "中国 西藏 拉萨", "order_amount": 382574, "isPositive": 1, "app_ratio": "54.81%", "details": [{"num": 1, "productName": "都说这个很油，我用着很好"}], "order_num": 371574, "total": "某品牌化妆品"}, {"area": "中国 江苏 南京", "order_amount": 382574, "isPositive": 1, "app_ratio": "54.81%", "details": [{"num": 1, "productName": "手背清爽不泛油光，而手背上小碎纸几乎没有残留，看来吸收很快"}], "order_num": 371574, "total": "某品牌化妆品"}, {"area": "中国 宁夏 银川", "order_amount": 382574, "isPositive": 1, "app_ratio": "54.81%", "details": [{"num": 1, "productName": "即时补水能力好"}], "order_num": 371574, "total": "某品牌化妆品"}, {"area": "中国 江西 南昌", "order_amount": 382574, "isPositive": 0, "app_ratio": "54.81%", "details": [{"num": 1, "productName": "大喷的喷口太容易坏了吧？"}], "order_num": 371574, "total": "某品牌化妆品"}, {"area": "中国 陕西 西安", "order_amount": 382574, "isPositive": 1, "app_ratio": "54.81%", "details": [{"num": 1, "productName": "用了一个月了，强烈安利下这款产品"}], "order_num": 371574, "total": "某品牌化妆品"}, {"area": "中国 湖南 长沙", "order_amount": 382574, "isPositive": 1, "app_ratio": "54.81%", "details": [{"num": 1, "productName": "是我喜欢的香味"}], "order_num": 371574, "total": "某品牌化妆品"}, {"area": "中国 海南 海口", "order_amount": 382574, "isPositive": 1, "app_ratio": "54.81%", "details": [{"num": 1, "productName": "用完皮肤变水润了"}], "order_num": 371574, "total": "某品牌化妆品"}, {"area": "中国 新疆 乌鲁木齐", "order_amount": 382574, "isPositive": 1, "app_ratio": "54.81%", "details": [{"num": 1, "productName": "真心超级好用补水效果可以的"}], "order_num": 371574, "total": "某品牌化妆品"}, {"area": "中国 澳门 澳门", "order_amount": 382574, "isPositive": 0, "app_ratio": "54.81%", "details": [{"num": 1, "productName": "那么多说好用的都是托吧？？？"}], "order_num": 371574, "total": "某品牌化妆品"}, {"area": "中国 吉林 长春", "order_amount": 382574, "isPositive": 1, "app_ratio": "54.81%", "details": [{"num": 1, "productName": "我的脸干燥脱皮，用了这个之后改善很多，喷一喷就缓解了干燥，保湿性很好而且一点也不会油腻"}], "order_num": 371574, "total": "某品牌化妆品"}, {"area": "中国 上海 上海", "order_amount": 382574, "isPositive": 1, "app_ratio": "54.81%", "details": [{"num": 1, "productName": "防晒效果真的很不错"}], "order_num": 371574, "total": "某品牌化妆品"}, {"area": "中国 天津 天津", "order_amount": 382574, "isPositive": 1, "app_ratio": "54.81%", "details": [{"num": 1, "productName": "真的很好用。既能补水又能消肿，非常适合夏天使用。"}], "order_num": 371574, "total": "某品牌化妆品"}, {"area": "中国 内蒙古 呼和浩特", "order_amount": 382574, "isPositive": 1, "app_ratio": "54.81%", "details": [{"num": 1, "productName": "喷头很好用，呈雾状，喷洒比较均匀，使用后皮肤真的很舒服"}], "order_num": 371574, "total": "某品牌化妆品"}, {"area": "中国 宁夏 银川", "order_amount": 382574, "isPositive": 0, "app_ratio": "54.81%", "details": [{"num": 1, "productName": "敷个面膜又过敏了。你大爷的。"}], "order_num": 371574, "total": "某品牌化妆品"}, {"area": "中国 广东 广州", "order_amount": 382574, "isPositive": 1, "app_ratio": "54.81%", "details": [{"num": 1, "productName": "某品牌化妆品的卸妆水，用过以后卸的很干净，而且皮肤很滑！"}], "order_num": 371574, "total": "某品牌化妆品"}, {"area": "中国 重庆 重庆", "order_amount": 382574, "isPositive": 1, "app_ratio": "54.81%", "details": [{"num": 1, "productName": "不闷，不搓泥，易携带~是一款性价比很高的防晒霜哦"}], "order_num": 371574, "total": "某品牌化妆品"}, {"area": "中国 内蒙古 呼和浩特", "order_amount": 382574, "isPositive": 1, "app_ratio": "54.81%", "details": [{"num": 1, "productName": "某品牌化妆品好的让我想起来芙蓉蜜和大喷又要囤货了"}], "order_num": 371574, "total": "某品牌化妆品"}, {"area": "中国 天津 天津", "order_amount": 382574, "isPositive": 1, "app_ratio": "54.81%", "details": [{"num": 1, "productName": "我是过敏皮肤，一直用某品牌化妆品，真的不错"}], "order_num": 371574, "total": "某品牌化妆品"}, {"area": "中国 重庆 重庆", "order_amount": 382574, "isPositive": 1, "app_ratio": "54.81%", "details": [{"num": 1, "productName": "保湿效果挺好的"}], "order_num": 371574, "total": "某品牌化妆品"}, {"area": "中国 甘肃 兰州", "order_amount": 382574, "isPositive": 0, "app_ratio": "54.81%", "details": [{"num": 1, "productName": "之前听说这个牌子喷雾挺好用的就买来试试，结果 巨！难！用！"}], "order_num": 371574, "total": "某品牌化妆品"}, {"area": "中国 内蒙古 呼和浩特", "order_amount": 382574, "isPositive": 0, "app_ratio": "54.81%", "details": [{"num": 1, "productName": "某品牌化妆品乳液竟然搓泥，夏天敏感皮只能用这个，这叫什么事儿啊"}], "order_num": 371574, "total": "某品牌化妆品"}, {"area": "中国 河南 郑州", "order_amount": 382574, "isPositive": 1, "app_ratio": "54.81%", "details": [{"num": 1, "productName": "某品牌化妆品活泉水喷雾 某宝入.这几乎是人手一瓶了吧 没有的快点去买！夏日晒后降温修复 空调房补水保湿"}], "order_num": 371574, "total": "某品牌化妆品"}, {"area": "中国 澳门 澳门", "order_amount": 382574, "isPositive": 0, "app_ratio": "54.81%", "details": [{"num": 1, "productName": "买了感觉自己受骗了，再也不会买这个牌子了"}], "order_num": 371574, "total": "某品牌化妆品"}, {"area": "中国 黑龙江 哈尔滨", "order_amount": 382574, "isPositive": 1, "app_ratio": "54.81%", "details": [{"num": 1, "productName": "补水效果没得说啊"}], "order_num": 371574, "total": "某品牌化妆品"}, {"area": "中国 湖南 长沙", "order_amount": 382574, "isPositive": 1, "app_ratio": "54.81%", "details": [{"num": 1, "productName": "清洁到位；控油加保湿"}], "order_num": 371574, "total": "某品牌化妆品"}, {"area": "中国 安徽 合肥", "order_amount": 382574, "isPositive": 0, "app_ratio": "54.81%", "details": [{"num": 1, "productName": "简直难用到死 喷完以后脸依旧干的死 就像自来水装到喷雾瓶里？"}], "order_num": 371574, "total": "某品牌化妆品"}, {"area": "中国 安徽 合肥", "order_amount": 382574, "isPositive": 1, "app_ratio": "54.81%", "details": [{"num": 1, "productName": "夏天蒸脸，当喷雾，好的不要不要的"}], "order_num": 371574, "total": "某品牌化妆品"}, {"area": "中国 新疆 乌鲁木齐", "order_amount": 382574, "isPositive": 0, "app_ratio": "54.81%", "details": [{"num": 1, "productName": "看到好多化妆品中间都夹着某品牌化妆品喷雾～ 工资都不够我败了，这过敏肌"}], "order_num": 371574, "total": "某品牌化妆品"}, {"area": "中国 广西 南宁", "order_amount": 382574, "isPositive": 1, "app_ratio": "54.81%", "details": [{"num": 1, "productName": "包装小巧玲珑，随身携带非常的方便"}], "order_num": 371574, "total": "某品牌化妆品"}, {"area": "中国 香港 香港", "order_amount": 382574, "isPositive": 1, "app_ratio": "54.81%", "details": [{"num": 1, "productName": "某品牌化妆品大喷，不多说了，我那烟台老家的婶儿都在用，它适合所有皮肤尤其敏感肌肤，改善皮肤发炎。"}], "order_num": 371574, "total": "某品牌化妆品"}]