{
 "name": "negative",
 "children": [
	{
    "name": "negative",
    "project": "某品牌化妆品",
    "children": [
        {
            "name": "太油腻了",
            "size": "220"
        },
        {
            "name": "喷头不好使",
            "size": "170"
        },
        {
            "name": "效果一般",
            "size": "140"
        },
        {
            "name": "不透气",
            "size": "130"
        },
        {
            "name": "太滑",
            "size": "120"
        },
        {
            "name": "太贵了",
            "size": "90"
        }
    ]
	}
 ]
}
