{
 "name": "positive",
 "children": [
	{
    "name": "positive",
    "project": "某品牌化妆品",
    "children": [
        {
            "name": "补水保湿效果好",
            "size": "210"
        },
        {
            "name": "持久防晒",
            "size": "170"
        },
        {
            "name": "安全不过敏",
            "size": "140"
        },
        {
            "name": "质地清爽",
            "size": "140"
        },
        {
            "name": "香味不错",
            "size": "120"
        },
        {
            "name": "性价比不错",
            "size": "130"
        },
        {
            "name": "水油平衡",
            "size": "115"
        }
    ]
	}
 ]
}
