[{"area": "中国 黑龙江 哈尔滨", "order_amount": 1729988, "isPositive": 1, "app_ratio": "60.89%", "details": [{"num": 1, "productName": "鞋子不磨脚不累脚，做工，材质没的说很好"}], "order_num": 1591588.96, "total": "千百度"}, {"area": "中国 江西 南昌", "order_amount": 1729988, "isPositive": 0, "app_ratio": "60.89%", "details": [{"num": 1, "productName": "样式偏老气吧，好在也就买来上班穿。"}], "order_num": 1591588.96, "total": "千百度"}, {"area": "中国 山西 太原", "order_amount": 1729988, "isPositive": 0, "app_ratio": "60.89%", "details": [{"num": 1, "productName": "款式有点点老气"}], "order_num": 1591588.96, "total": "千百度"}, {"area": "中国 海南 海口", "order_amount": 1729988, "isPositive": 1, "app_ratio": "60.89%", "details": [{"num": 1, "productName": "某鞋品牌的质量是挺好的"}], "order_num": 1591588.96, "total": "千百度"}, {"area": "中国 河北 石家庄", "order_amount": 1729988, "isPositive": 0, "app_ratio": "60.89%", "details": [{"num": 1, "productName": "皮质估计不是真皮"}], "order_num": 1591588.96, "total": "千百度"}, {"area": "中国 安徽 合肥", "order_amount": 1729988, "isPositive": 0, "app_ratio": "60.89%", "details": [{"num": 1, "productName": "鞋底硬，设计的有点不合理"}], "order_num": 1591588.96, "total": "千百度"}, {"area": "中国 重庆 重庆", "order_amount": 1729988, "isPositive": 0, "app_ratio": "60.89%", "details": [{"num": 1, "productName": "走路反正不舒服"}], "order_num": 1591588.96, "total": "千百度"}, {"area": "中国 江西 南昌", "order_amount": 1729988, "isPositive": 1, "app_ratio": "60.89%", "details": [{"num": 1, "productName": "穿着舒适大方"}], "order_num": 1591588.96, "total": "千百度"}, {"area": "中国 广东 广州", "order_amount": 1729988, "isPositive": 0, "app_ratio": "60.89%", "details": [{"num": 1, "productName": "有点显脚大"}], "order_num": 1591588.96, "total": "千百度"}, {"area": "中国 海南 海口", "order_amount": 1729988, "isPositive": 1, "app_ratio": "60.89%", "details": [{"num": 1, "productName": "比较百搭"}], "order_num": 1591588.96, "total": "千百度"}, {"area": "中国 江西 南昌", "order_amount": 1729988, "isPositive": 0, "app_ratio": "60.89%", "details": [{"num": 1, "productName": "鞋底稍微嫌硬，容易打茧子。"}], "order_num": 1591588.96, "total": "千百度"}, {"area": "中国 河北 石家庄", "order_amount": 1729988, "isPositive": 1, "app_ratio": "60.89%", "details": [{"num": 1, "productName": "好看 喜欢"}], "order_num": 1591588.96, "total": "千百度"}, {"area": "中国 天津 天津", "order_amount": 1729988, "isPositive": 1, "app_ratio": "60.89%", "details": [{"num": 1, "productName": "百搭又舒适，很精致的鞋子，某鞋品牌的鞋子真的是越做越好了"}], "order_num": 1591588.96, "total": "千百度"}, {"area": "中国 澳门 澳门", "order_amount": 1729988, "isPositive": 1, "app_ratio": "60.89%", "details": [{"num": 1, "productName": "不管是款式还是质量，很欣慰。"}], "order_num": 1591588.96, "total": "千百度"}, {"area": "中国 广东 广州", "order_amount": 1729988, "isPositive": 0, "app_ratio": "60.89%", "details": [{"num": 1, "productName": "经历了几次降价风波，退了重买，现在看看又降价了"}], "order_num": 1591588.96, "total": "千百度"}, {"area": "中国 山东 济南", "order_amount": 1729988, "isPositive": 1, "app_ratio": "60.89%", "details": [{"num": 1, "productName": "总体来说还是不错的，穿着也软，舒适"}], "order_num": 1591588.96, "total": "千百度"}, {"area": "中国 安徽 合肥", "order_amount": 1729988, "isPositive": 0, "app_ratio": "60.89%", "details": [{"num": 1, "productName": "后跟有点硬，会磨脚"}], "order_num": 1591588.96, "total": "千百度"}, {"area": "中国 宁夏 银川", "order_amount": 1729988, "isPositive": 0, "app_ratio": "60.89%", "details": [{"num": 1, "productName": "鞋有点硬，刚开始穿不舒服"}], "order_num": 1591588.96, "total": "千百度"}, {"area": "中国 四川 成都", "order_amount": 1729988, "isPositive": 1, "app_ratio": "60.89%", "details": [{"num": 1, "productName": "鞋型很好，质量也很好"}], "order_num": 1591588.96, "total": "千百度"}, {"area": "中国 湖南 长沙", "order_amount": 1729988, "isPositive": 1, "app_ratio": "60.89%", "details": [{"num": 1, "productName": "穿着舒服，鞋底有软衬，皮革不硬"}], "order_num": 1591588.96, "total": "千百度"}, {"area": "中国 新疆 乌鲁木齐", "order_amount": 1729988, "isPositive": 1, "app_ratio": "60.89%", "details": [{"num": 1, "productName": "很喜欢 挺好看的 舒服 就是有点偏大"}], "order_num": 1591588.96, "total": "千百度"}, {"area": "中国 北京 北京", "order_amount": 1729988, "isPositive": 0, "app_ratio": "60.89%", "details": [{"num": 1, "productName": "走路的时候老是会滑"}], "order_num": 1591588.96, "total": "千百度"}, {"area": "中国 辽宁 沈阳", "order_amount": 1729988, "isPositive": 1, "app_ratio": "60.89%", "details": [{"num": 1, "productName": "样式很好看，也很百搭"}], "order_num": 1591588.96, "total": "千百度"}, {"area": "中国 河北 石家庄", "order_amount": 1729988, "isPositive": 1, "app_ratio": "60.89%", "details": [{"num": 1, "productName": "舒适度爆表"}], "order_num": 1591588.96, "total": "千百度"}, {"area": "中国 江西 南昌", "order_amount": 1729988, "isPositive": 0, "app_ratio": "60.89%", "details": [{"num": 1, "productName": "鞋子把我脚都磨破了，右脚鞋子穿着会掉下来"}], "order_num": 1591588.96, "total": "千百度"}, {"area": "中国 海南 海口", "order_amount": 1729988, "isPositive": 1, "app_ratio": "60.89%", "details": [{"num": 1, "productName": "非常的舒服！这么高的根竟然不磨脚！"}], "order_num": 1591588.96, "total": "千百度"}, {"area": "中国 贵州 贵阳", "order_amount": 1729988, "isPositive": 1, "app_ratio": "60.89%", "details": [{"num": 1, "productName": "样子好看还便宜"}], "order_num": 1591588.96, "total": "千百度"}, {"area": "中国 湖南 长沙", "order_amount": 1729988, "isPositive": 0, "app_ratio": "60.89%", "details": [{"num": 1, "productName": "穿上不跟脚，凑合吧"}], "order_num": 1591588.96, "total": "千百度"}, {"area": "中国 青海 西宁", "order_amount": 1729988, "isPositive": 0, "app_ratio": "60.89%", "details": [{"num": 1, "productName": "小尖头，脚趾处略挤"}], "order_num": 1591588.96, "total": "千百度"}, {"area": "中国 澳门 澳门", "order_amount": 1729988, "isPositive": 0, "app_ratio": "60.89%", "details": [{"num": 1, "productName": "后脚跟出处有点硬，可能会磨脚"}], "order_num": 1591588.96, "total": "千百度"}, {"area": "中国 广西 南宁", "order_amount": 1729988, "isPositive": 1, "app_ratio": "60.89%", "details": [{"num": 1, "productName": "上脚效果真心好看"}], "order_num": 1591588.96, "total": "千百度"}, {"area": "中国 重庆 重庆", "order_amount": 1729988, "isPositive": 0, "app_ratio": "60.89%", "details": [{"num": 1, "productName": "磨脚，太磨脚"}], "order_num": 1591588.96, "total": "千百度"}, {"area": "中国 云南 昆明", "order_amount": 1729988, "isPositive": 1, "app_ratio": "60.89%", "details": [{"num": 1, "productName": "这双鞋子特别舒服"}], "order_num": 1591588.96, "total": "千百度"}, {"area": "中国 香港 香港", "order_amount": 1729988, "isPositive": 1, "app_ratio": "60.89%", "details": [{"num": 1, "productName": "真的美美哒，在商场试过"}], "order_num": 1591588.96, "total": "千百度"}, {"area": "中国 江苏 南京", "order_amount": 1729988, "isPositive": 0, "app_ratio": "60.89%", "details": [{"num": 1, "productName": "有点磨脚，希望多穿几次能好点"}], "order_num": 1591588.96, "total": "千百度"}, {"area": "中国 湖北 武汉", "order_amount": 1729988, "isPositive": 1, "app_ratio": "60.89%", "details": [{"num": 1, "productName": "鞋子长度正好，稍微宽了一丢丢。肉粉色很乖巧，很喜欢！"}], "order_num": 1591588.96, "total": "千百度"}, {"area": "中国 内蒙古 呼和浩特", "order_amount": 1729988, "isPositive": 1, "app_ratio": "60.89%", "details": [{"num": 1, "productName": "穿起来特修脚，跟高但不吃力"}], "order_num": 1591588.96, "total": "千百度"}, {"area": "中国 浙江 杭州", "order_amount": 1729988, "isPositive": 1, "app_ratio": "60.89%", "details": [{"num": 1, "productName": "手工刻纹立体感十足"}], "order_num": 1591588.96, "total": "千百度"}, {"area": "中国 上海 上海", "order_amount": 1729988, "isPositive": 1, "app_ratio": "60.89%", "details": [{"num": 1, "productName": "舒适度可以"}], "order_num": 1591588.96, "total": "千百度"}, {"area": "中国 吉林 长春", "order_amount": 1729988, "isPositive": 0, "app_ratio": "60.89%", "details": [{"num": 1, "productName": "长相也就一般般，穿上也一般般。"}], "order_num": 1591588.96, "total": "千百度"}, {"area": "中国 山东 济南", "order_amount": 1729988, "isPositive": 1, "app_ratio": "60.89%", "details": [{"num": 1, "productName": "质量挺好"}], "order_num": 1591588.96, "total": "千百度"}, {"area": "中国 陕西 西安", "order_amount": 1729988, "isPositive": 1, "app_ratio": "60.89%", "details": [{"num": 1, "productName": "鞋子不错，简单大方，不老气，底子很防滑"}], "order_num": 1591588.96, "total": "千百度"}, {"area": "中国 河南 郑州", "order_amount": 1729988, "isPositive": 0, "app_ratio": "60.89%", "details": [{"num": 1, "productName": "鞋面抽着属于正常吗？你们的代理商素质都如此低下吗？"}], "order_num": 1591588.96, "total": "千百度"}, {"area": "中国 广西 南宁", "order_amount": 1729988, "isPositive": 0, "app_ratio": "60.89%", "details": [{"num": 1, "productName": "丽晶某鞋品牌出售劣质产品！"}], "order_num": 1591588.96, "total": "千百度"}, {"area": "中国 陕西 西安", "order_amount": 1729988, "isPositive": 0, "app_ratio": "60.89%", "details": [{"num": 1, "productName": "气味很大！"}], "order_num": 1591588.96, "total": "千百度"}, {"area": "中国 澳门 澳门", "order_amount": 1729988, "isPositive": 0, "app_ratio": "60.89%", "details": [{"num": 1, "productName": "鞋子整体不错，只是有些肥"}], "order_num": 1591588.96, "total": "千百度"}, {"area": "中国 湖南 长沙", "order_amount": 1729988, "isPositive": 0, "app_ratio": "60.89%", "details": [{"num": 1, "productName": "鞋子开胶了"}], "order_num": 1591588.96, "total": "千百度"}, {"area": "中国 贵州 贵阳", "order_amount": 1729988, "isPositive": 1, "app_ratio": "60.89%", "details": [{"num": 1, "productName": "做工很好，没有异味"}], "order_num": 1591588.96, "total": "千百度"}, {"area": "中国 辽宁 沈阳", "order_amount": 1729988, "isPositive": 1, "app_ratio": "60.89%", "details": [{"num": 1, "productName": "裸色显腿长"}], "order_num": 1591588.96, "total": "千百度"}, {"area": "中国 海南 海口", "order_amount": 1729988, "isPositive": 0, "app_ratio": "60.89%", "details": [{"num": 1, "productName": "色差大，实际偏灰白色"}], "order_num": 1591588.96, "total": "千百度"}, {"area": "中国 澳门 澳门", "order_amount": 1729988, "isPositive": 1, "app_ratio": "60.89%", "details": [{"num": 1, "productName": "设计棒，质量好，很喜欢。"}], "order_num": 1591588.96, "total": "千百度"}, {"area": "中国 山东 济南", "order_amount": 1729988, "isPositive": 0, "app_ratio": "60.89%", "details": [{"num": 1, "productName": "一次买了两个颜色，裸色的有点小瑕疵"}], "order_num": 1591588.96, "total": "千百度"}, {"area": "中国 广西 南宁", "order_amount": 1729988, "isPositive": 0, "app_ratio": "60.89%", "details": [{"num": 1, "productName": "收到的鞋子很旧很脏！实在嫌麻烦没退换！"}], "order_num": 1591588.96, "total": "千百度"}, {"area": "中国 新疆 乌鲁木齐", "order_amount": 1729988, "isPositive": 1, "app_ratio": "60.89%", "details": [{"num": 1, "productName": "皮质不错"}], "order_num": 1591588.96, "total": "千百度"}, {"area": "中国 西藏 拉萨", "order_amount": 1729988, "isPositive": 1, "app_ratio": "60.89%", "details": [{"num": 1, "productName": "挺好的，软，好穿不累脚。"}], "order_num": 1591588.96, "total": "千百度"}, {"area": "中国 山西 太原", "order_amount": 1729988, "isPositive": 1, "app_ratio": "60.89%", "details": [{"num": 1, "productName": "大厚底，但不太重"}], "order_num": 1591588.96, "total": "千百度"}, {"area": "中国 云南 昆明", "order_amount": 1729988, "isPositive": 1, "app_ratio": "60.89%", "details": [{"num": 1, "productName": "脚感不错"}], "order_num": 1591588.96, "total": "千百度"}, {"area": "中国 宁夏 银川", "order_amount": 1729988, "isPositive": 0, "app_ratio": "60.89%", "details": [{"num": 1, "productName": "做工和材质，感觉价钱卖贵了"}], "order_num": 1591588.96, "total": "千百度"}, {"area": "中国 山东 济南", "order_amount": 1729988, "isPositive": 0, "app_ratio": "60.89%", "details": [{"num": 1, "productName": "鞋跟很高，不舒服"}], "order_num": 1591588.96, "total": "千百度"}, {"area": "中国 新疆 乌鲁木齐", "order_amount": 1729988, "isPositive": 1, "app_ratio": "60.89%", "details": [{"num": 1, "productName": "物美价廉"}], "order_num": 1591588.96, "total": "千百度"}, {"area": "中国 重庆 重庆", "order_amount": 1729988, "isPositive": 1, "app_ratio": "60.89%", "details": [{"num": 1, "productName": "颜色简单低调"}], "order_num": 1591588.96, "total": "千百度"}, {"area": "中国 黑龙江 哈尔滨", "order_amount": 1729988, "isPositive": 1, "app_ratio": "60.89%", "details": [{"num": 1, "productName": "实用性强"}], "order_num": 1591588.96, "total": "千百度"}, {"area": "中国 上海 上海", "order_amount": 1729988, "isPositive": 1, "app_ratio": "60.89%", "details": [{"num": 1, "productName": "颜色百搭，脚大点也还好"}], "order_num": 1591588.96, "total": "千百度"}, {"area": "中国 内蒙古 呼和浩特", "order_amount": 1729988, "isPositive": 1, "app_ratio": "60.89%", "details": [{"num": 1, "productName": "优雅，淑女，脚感也不错"}], "order_num": 1591588.96, "total": "千百度"}, {"area": "中国 江西 南昌", "order_amount": 1729988, "isPositive": 1, "app_ratio": "60.89%", "details": [{"num": 1, "productName": "皮质柔软，舒服"}], "order_num": 1591588.96, "total": "千百度"}, {"area": "中国 湖南 长沙", "order_amount": 1729988, "isPositive": 0, "app_ratio": "60.89%", "details": [{"num": 1, "productName": "皮子还是略硬了些，穿一天下来脚还是有点不舒服"}], "order_num": 1591588.96, "total": "千百度"}, {"area": "中国 辽宁 沈阳", "order_amount": 1729988, "isPositive": 1, "app_ratio": "60.89%", "details": [{"num": 1, "productName": "超漂亮，上脚很秀气，舒适又美观"}], "order_num": 1591588.96, "total": "千百度"}, {"area": "中国 山西 太原", "order_amount": 1729988, "isPositive": 0, "app_ratio": "60.89%", "details": [{"num": 1, "productName": "鞋底太窄了，会累脚"}], "order_num": 1591588.96, "total": "千百度"}, {"area": "中国 上海 上海", "order_amount": 1729988, "isPositive": 1, "app_ratio": "60.89%", "details": [{"num": 1, "productName": "胜在秀气，穿着挺好看的，也好搭"}], "order_num": 1591588.96, "total": "千百度"}, {"area": "中国 山东 济南", "order_amount": 1729988, "isPositive": 1, "app_ratio": "60.89%", "details": [{"num": 1, "productName": "简约大气，价格便宜"}], "order_num": 1591588.96, "total": "千百度"}, {"area": "中国 北京 北京", "order_amount": 1729988, "isPositive": 1, "app_ratio": "60.89%", "details": [{"num": 1, "productName": "大小合适，跟不高"}], "order_num": 1591588.96, "total": "千百度"}, {"area": "中国 北京 北京", "order_amount": 1729988, "isPositive": 0, "app_ratio": "60.89%", "details": [{"num": 1, "productName": "有点瘦，样子一般吧"}], "order_num": 1591588.96, "total": "千百度"}, {"area": "中国 福建 厦门", "order_amount": 1729988, "isPositive": 1, "app_ratio": "60.89%", "details": [{"num": 1, "productName": "皮质好"}], "order_num": 1591588.96, "total": "千百度"}, {"area": "中国 北京 北京", "order_amount": 1729988, "isPositive": 0, "app_ratio": "60.89%", "details": [{"num": 1, "productName": "鞋子不错，就是太贵了"}], "order_num": 1591588.96, "total": "千百度"}, {"area": "中国 贵州 贵阳", "order_amount": 1729988, "isPositive": 0, "app_ratio": "60.89%", "details": [{"num": 1, "productName": "不划算，穿着不舒服"}], "order_num": 1591588.96, "total": "千百度"}, {"area": "中国 湖南 长沙", "order_amount": 1729988, "isPositive": 0, "app_ratio": "60.89%", "details": [{"num": 1, "productName": "太磨脚了，穿了几天就不穿了"}], "order_num": 1591588.96, "total": "千百度"}, {"area": "中国 内蒙古 呼和浩特", "order_amount": 1729988, "isPositive": 0, "app_ratio": "60.89%", "details": [{"num": 1, "productName": "没啥说的，一句话，不好看"}], "order_num": 1591588.96, "total": "千百度"}, {"area": "中国 湖北 武汉", "order_amount": 1729988, "isPositive": 0, "app_ratio": "60.89%", "details": [{"num": 1, "productName": "穿了三天就开胶了，这种鞋子还出售？"}], "order_num": 1591588.96, "total": "千百度"}, {"area": "中国 澳门 澳门", "order_amount": 1729988, "isPositive": 1, "app_ratio": "60.89%", "details": [{"num": 1, "productName": "质量很好，很愉快的一次购物"}], "order_num": 1591588.96, "total": "千百度"}, {"area": "中国 陕西 西安", "order_amount": 1729988, "isPositive": 1, "app_ratio": "60.89%", "details": [{"num": 1, "productName": "细腻柔软的小羊皮，羊皮哦～"}], "order_num": 1591588.96, "total": "千百度"}, {"area": "中国 宁夏 银川", "order_amount": 1729988, "isPositive": 0, "app_ratio": "60.89%", "details": [{"num": 1, "productName": "跟还好不是很高"}], "order_num": 1591588.96, "total": "千百度"}, {"area": "中国 宁夏 银川", "order_amount": 1729988, "isPositive": 1, "app_ratio": "60.89%", "details": [{"num": 1, "productName": "颜色很百搭"}], "order_num": 1591588.96, "total": "千百度"}, {"area": "中国 福建 厦门", "order_amount": 1729988, "isPositive": 1, "app_ratio": "60.89%", "details": [{"num": 1, "productName": "鞋子的蝴蝶结很好看"}], "order_num": 1591588.96, "total": "千百度"}, {"area": "中国 山西 太原", "order_amount": 1729988, "isPositive": 1, "app_ratio": "60.89%", "details": [{"num": 1, "productName": "银色厚底我喜欢"}], "order_num": 1591588.96, "total": "千百度"}, {"area": "中国 山西 太原", "order_amount": 1729988, "isPositive": 0, "app_ratio": "60.89%", "details": [{"num": 1, "productName": "颜色很淡雅，就是我脚太瘦了，走路有点晃"}], "order_num": 1591588.96, "total": "千百度"}, {"area": "中国 天津 天津", "order_amount": 1729988, "isPositive": 1, "app_ratio": "60.89%", "details": [{"num": 1, "productName": "款式简单大方，穿起来舒适"}], "order_num": 1591588.96, "total": "千百度"}, {"area": "中国 河南 郑州", "order_amount": 1729988, "isPositive": 0, "app_ratio": "60.89%", "details": [{"num": 1, "productName": "前面有点挤，也许穿穿就好了，有点磨脚"}], "order_num": 1591588.96, "total": "千百度"}, {"area": "中国 香港 香港", "order_amount": 1729988, "isPositive": 1, "app_ratio": "60.89%", "details": [{"num": 1, "productName": "穿在脚上漂亮又舒服！大爱"}], "order_num": 1591588.96, "total": "千百度"}, {"area": "中国 辽宁 沈阳", "order_amount": 1729988, "isPositive": 0, "app_ratio": "60.89%", "details": [{"num": 1, "productName": "脚踝那里穿久一点容易刮脚"}], "order_num": 1591588.96, "total": "千百度"}, {"area": "中国 云南 昆明", "order_amount": 1729988, "isPositive": 0, "app_ratio": "60.89%", "details": [{"num": 1, "productName": "底子有点硬，穿久了脚很疼"}], "order_num": 1591588.96, "total": "千百度"}, {"area": "中国 宁夏 银川", "order_amount": 1729988, "isPositive": 1, "app_ratio": "60.89%", "details": [{"num": 1, "productName": "超级喜欢，穿着也舒服"}], "order_num": 1591588.96, "total": "千百度"}, {"area": "中国 湖南 长沙", "order_amount": 1729988, "isPositive": 1, "app_ratio": "60.89%", "details": [{"num": 1, "productName": "质量挺好的，简单大方"}], "order_num": 1591588.96, "total": "千百度"}, {"area": "中国 河北 石家庄", "order_amount": 1729988, "isPositive": 1, "app_ratio": "60.89%", "details": [{"num": 1, "productName": "非常轻便，脚感非常非常好"}], "order_num": 1591588.96, "total": "千百度"}, {"area": "中国 黑龙江 哈尔滨", "order_amount": 1729988, "isPositive": 1, "app_ratio": "60.89%", "details": [{"num": 1, "productName": "设计优雅，皮质柔软"}], "order_num": 1591588.96, "total": "千百度"}, {"area": "中国 河南 郑州", "order_amount": 1729988, "isPositive": 1, "app_ratio": "60.89%", "details": [{"num": 1, "productName": "颜色正，号码正，挺满意的"}], "order_num": 1591588.96, "total": "千百度"}, {"area": "中国 湖北 武汉", "order_amount": 1729988, "isPositive": 0, "app_ratio": "60.89%", "details": [{"num": 1, "productName": "质量不咋地，还这么贵"}], "order_num": 1591588.96, "total": "千百度"}, {"area": "中国 天津 天津", "order_amount": 1729988, "isPositive": 0, "app_ratio": "60.89%", "details": [{"num": 1, "productName": "说是牛皮还是羊皮的！今年第一次穿发现坏了"}], "order_num": 1591588.96, "total": "千百度"}, {"area": "中国 福建 厦门", "order_amount": 1729988, "isPositive": 0, "app_ratio": "60.89%", "details": [{"num": 1, "productName": "辜负了我一直以来对某鞋品牌的信任！"}], "order_num": 1591588.96, "total": "千百度"}, {"area": "中国 浙江 杭州", "order_amount": 1729988, "isPositive": 0, "app_ratio": "60.89%", "details": [{"num": 1, "productName": "觉得性价比不高"}], "order_num": 1591588.96, "total": "千百度"}, {"area": "中国 贵州 贵阳", "order_amount": 1729988, "isPositive": 1, "app_ratio": "60.89%", "details": [{"num": 1, "productName": "穿着舒服。真皮的。"}], "order_num": 1591588.96, "total": "千百度"}]