{
    "status": true,
    "data": [
        {
            "thumb": "http://exhibition.baifendian.com/static/Cbenlai_53501.jpg",
            "tags": [
                "越来越美",
                "果汁饮料",
                "零食酒水"
            ],
            "trend": {
                "6d": [
                    1000,
                    342,
                    369,
                    600,
                    150,
                    492
                ],
                "tomorrow": 273,
                "today": 300
            },
            "price": 22.3,
            "visit": 93302,
            "value": 4012,
            "addcart": 7837,
            "brand": "椰树",
            "name": "椰树 椰汁 245ML*6瓶 海南特产"
        },
        {
            "thumb": "http://exhibition.baifendian.com/static/Cyouyi_111623500.jpg",
            "tags": [
                "腰带",
                "皮具"
            ],
            "trend": {
                "6d": [
                    1656,
                    903,
                    893,
                    474,
                    403,
                    286
                ],
                "tomorrow": 395,
                "today": 380
            },
            "price": 69,
            "visit": 52813,
            "value": 2271,
            "addcart": 4436,
            "brand": "UIYI CLASSICAL",
            "name": "UIYI高弹耐磨编织针扣男士腰带"
        },
        {
            "thumb": "http://exhibition.baifendian.com/static/Cwfsc_7648.jpg",
            "tags": [
                "黑色",
                "iPhone 配件",
                "保护膜"
            ],
            "trend": {
                "6d": [
                    324,
                    288,
                    336,
                    280,
                    176,
                    1420
                ],
                "tomorrow": 371,
                "today": 459
            },
            "price": 58,
            "visit": 107095,
            "value": 2249,
            "addcart": 9210,
            "brand": "MCDODO",
            "name": "MCDODO/麦多多 0.2mm全屏覆盖钢化玻璃膜 独家AKR表面处理 PRO版 for iPhone 6S Plus/6 Plus-黑色"
        },
        {
            "thumb": "http://exhibition.baifendian.com/static/Cjianke_59967.jpg",
            "tags": [
                "中西药品",
                "眼部病变",
                "五官用药"
            ],
            "trend": {
                "6d": [
                    459,
                    329,
                    866,
                    320,
                    248,
                    500
                ],
                "tomorrow": 479,
                "today": 600
            },
            "price": 1,
            "visit": 38069,
            "value": 1637,
            "addcart": 3197,
            "brand": "",
            "name": "红霉素眼膏"
        },
        {
            "thumb": "http://exhibition.baifendian.com/static/Caimu_14011352565074.jpg",
            "tags": [
                "睡衣大类",
                "爱慕"
            ],
            "trend": {
                "6d": [
                    3000,
                    1250,
                    1000,
                    500,
                    1375,
                    722
                ],
                "tomorrow": 368,
                "today": 253
            },
            "price": 100,
            "visit": 36069,
            "value": 1551,
            "addcart": 3029,
            "brand": "爱慕",
            "name": "爱慕Everyday带杯吊衣AM71X21"
        },
        {
            "thumb": "http://exhibition.baifendian.com/static/Czhiwo_1111070.jpg",
            "tags": [
                "乳液/凝露",
                "知我药妆"
            ],
            "trend": {
                "6d": [
                    501,
                    371,
                    1731,
                    545,
                    3475,
                    877
                ],
                "tomorrow": 389,
                "today": 436
            },
            "price": 19.9,
            "visit": 34465,
            "value": 1482,
            "addcart": 2895,
            "brand": "知我药妆",
            "name": "知我药妆芦荟胶40g"
        },
        {
            "thumb": "http://exhibition.baifendian.com/static/Czhongjiu_3414.jpg",
            "tags": [
                "葡萄酒",
                "瓶装",
                "张裕"
            ],
            "trend": {
                "6d": [
                    576,
                    1000,
                    384,
                    400,
                    297,
                    1200
                ],
                "tomorrow": 665,
                "today": 771
            },
            "price": 139,
            "visit": 70380,
            "value": 1478,
            "addcart": 6052,
            "brand": "张裕",
            "name": "11.5°张裕干红葡萄酒750ml（6瓶装）"
        },
        {
            "thumb": "http://exhibition.baifendian.com/static/Caimu_13101114143976.jpg",
            "tags": [
                "睡衣大类",
                "爱慕"
            ],
            "trend": {
                "6d": [
                    3998,
                    2097,
                    1599,
                    3099,
                    2299,
                    2799
                ],
                "tomorrow": 1379,
                "today": 1500
            },
            "price": 159,
            "visit": 68523,
            "value": 1439,
            "addcart": 5892,
            "brand": "爱慕",
            "name": "爱慕可外穿女士圆领烫钻装饰翻边七分袖家居休闲上衣AM45W11"
        },
        {
            "thumb": "http://exhibition.baifendian.com/static/Cbabaifang_992004.jpg",
            "tags": [
                "医疗器械",
                "医疗用品",
                "针头",
                "注射器"
            ],
            "trend": {
                "6d": [
                    966,
                    704,
                    317,
                    366,
                    488,
                    3577
                ],
                "tomorrow": 629,
                "today": 739
            },
            "price": 0.2,
            "visit": 30046,
            "value": 1292,
            "addcart": 2523,
            "brand": "康利来",
            "name": "康利来 一次性使用无菌注射器 2ml 针筒针管带针头 带5号6号针头"
        },
        {
            "thumb": "http://exhibition.baifendian.com/static/Cwfsc_7624.jpg",
            "tags": [
                "黑色",
                "iPhone 配件",
                "保护膜"
            ],
            "trend": {
                "6d": [
                    1542,
                    704,
                    502,
                    206,
                    1062,
                    300
                ],
                "tomorrow": 256,
                "today": 210
            },
            "price": 56,
            "visit": 60523,
            "value": 1271,
            "addcart": 5204,
            "brand": "MCDODO",
            "name": "MCDODO/麦多多 0.2mm全屏覆盖钢化玻璃膜 独家AKR表面处理 PRO版 for iPhone 6S/6-黑色"
        }
    ]
}