{
  "data":[
    {"amount_hit": {"5000000": "2016-07-07 11:55", "10000000": "2016-07-07 16:52", "1000000": "2016-07-07 01:48"}, "itemInfo": ["Cshanmaihuwai|65794|48.0"], "area": "\u4e2d\u56fd \u8fbd\u5b81 \u5927\u8fde \u6c99\u6cb3\u53e3\u533a", "creation_time": 1467892074437, "order_amount": 12635700.84, "app_ratio": "49.77%", "details": [{"num": 1, "productName": "港丽餐厅"}], "order_num": 13836, "total": 48},
    {"amount_hit": {"5000000": "2016-07-07 11:55", "10000000": "2016-07-07 16:52", "1000000": "2016-07-07 01:48"}, "itemInfo": ["Czhiwo|1111054|35.0"], "area": "\u4e2d\u56fd \u5317\u4eac \u4e1c\u57ce\u533a", "creation_time": 1467892081296, "order_amount": 12635873.84, "app_ratio": "49.77%", "details": [{"num": 1, "productName": "港丽餐厅"}], "order_num": 13838, "total": 35},
    {"amount_hit": {"5000000": "2016-07-07 11:55", "10000000": "2016-07-07 16:52", "1000000": "2016-07-07 01:48"}, "itemInfo": ["Cshanmaihuwai|65794|48.0"], "area": "\u4e2d\u56fd \u8fbd\u5b81 \u5927\u8fde \u6c99\u6cb3\u53e3\u533a", "creation_time": 1467892074437, "order_amount": 12635700.84, "app_ratio": "49.77%", "details": [{"num": 1, "productName": "港丽餐厅"}], "order_num": 13836, "total": 48},
    {"amount_hit": {"5000000": "2016-07-07 11:55", "10000000": "2016-07-07 16:52", "1000000": "2016-07-07 01:48"}, "itemInfo": ["Cshanmaihuwai|65794|48.0"], "area": "\u4e2d\u56fd \u8fbd\u5b81 \u5927\u8fde \u6c99\u6cb3\u53e3\u533a", "creation_time": 1467892074437, "order_amount": 12635700.84, "app_ratio": "49.77%", "details": [{"num": 1, "productName": "港丽餐厅"}], "order_num": 13836, "total": 48},
    {"amount_hit": {"5000000": "2016-07-07 11:55", "10000000": "2016-07-07 16:52", "1000000": "2016-07-07 01:48"}, "itemInfo": ["Cjuanpi|17463902|79.0"], "area": "\u4e2d\u56fd \u5e7f\u4e1c \u6c5f\u95e8 \u5f00\u5e73\u5e02", "creation_time": 1467892082538, "order_amount": 12635952.84, "app_ratio": "49.77%", "details": [{"num": 1, "productName": "港丽餐厅"}], "order_num": 13839, "total": 79},
    {"amount_hit": {"5000000": "2016-07-07 11:55", "10000000": "2016-07-07 16:52", "1000000": "2016-07-07 01:48"}, "itemInfo": ["Cbenlai|24325|99.0", "Cbenlai|287244|8.8"], "area": "\u4e2d\u56fd \u5e7f\u4e1c \u73e0\u6d77 \u9999\u6d32\u533a", "creation_time": 1467892090330, "order_amount": 12636159.64, "app_ratio": "49.77%", "details": [{"num": 2, "productName": "港丽餐厅"}, {"num": 1, "productName": "\u60f3\u5ff5 \u9e21\u86cb\u9762500g"}], "order_num": 13840, "total": 206.8},
    {"amount_hit": {"5000000": "2016-07-07 11:55", "10000000": "2016-07-07 16:52", "1000000": "2016-07-07 01:48"}, "itemInfo": ["Cxinhua_wd|efd1efb0bfb648d0897219562e764df9|100.0"], "area": "\u4e2d\u56fd \u5c71\u4e1c \u6f4d\u574a \u594e\u6587\u533a", "creation_time": 1467892099336, "order_amount": 12636259.64, "app_ratio": "49.77%", "details": [{"num": 1, "productName": "港丽餐厅"}], "order_num": 13841, "total": 100},
    {"amount_hit": {"5000000": "2016-07-07 11:55", "10000000": "2016-07-07 16:52", "1000000": "2016-07-07 01:48"}, "itemInfo": ["Cgaohongshangcheng|513209|999.0"], "area": "\u4e2d\u56fd \u5e7f\u4e1c \u5e7f\u5dde \u5929\u6cb3\u533a", "creation_time": 1467892127614, "order_amount": 12637362.64, "app_ratio": "49.77%", "details": [{"num": 1, "productName": "港丽餐厅"}], "order_num": 13843, "total": 999},
    {"amount_hit": {"5000000": "2016-07-07 11:55", "10000000": "2016-07-07 16:52", "1000000": "2016-07-07 01:48"}, "itemInfo": ["Cxiaozhuang|59608|10.0"], "area": "\u4e2d\u56fd \u5e7f\u897f \u5357\u5b81 \u5174\u5b81\u533a", "creation_time": 1467892130517, "order_amount": 12637407.64, "app_ratio": "49.77%", "details": [{"num": 1, "productName": "SUNSHOP港丽餐厅"}], "order_num": 13845, "total": 10},
    {"amount_hit": {"5000000": "2016-07-07 11:55", "10000000": "2016-07-07 16:52", "1000000": "2016-07-07 01:48"}, "itemInfo": ["Ctiantianwang|A026323|43.0", "Ctiantianwang|A026325|38.0", "Ctiantianwang|A026326|49.0"], "area": "\u4e2d\u56fd \u91cd\u5e86", "creation_time": 1467892154372, "order_amount": 12653223.64, "app_ratio": "49.77%", "details": [{"num": 2, "productName": "港丽餐厅"}, {"num": 1, "productName": "\u3010\u4fdd\u7a0e\u4ed3\u53d1\u8d27\u3011\u8d35\u7231\u5a18\u5929\u7136\u7ea2\u53c2\u536b\u751f\u5dfe \u5927\u578b29cm*18\u7247"}, {"num": 1, "productName": "\u3010\u4fdd\u7a0e\u4ed3\u53d1\u8d27\u3011\u8d35\u7231\u5a18\u8349\u672c\u536b\u751f\u5dfe\u591c\u7528 33cm*12\u7247"}], "order_num": 13849, "total": 179}
  ],
  "status":200
}
