[
    {
        "area": "中国 内蒙古 呼和浩特",
        "order_amount": 61052,
        "isPositive": 1,
        "app_ratio": "73.13%",
        "details": [
            {
                "num": 1,
                "productName": "呼和浩特警方破获特大跨境走私运输毒品案"
            }
        ],
        "order_num": 59367,
        "total": "破获特大走私运输毒品案"
    } ,
    {
        "area": "中国 北京 北京",
        "order_amount": 61052,
        "isPositive": 1,
        "app_ratio": "73.13%",
        "details": [
            {
                "num": 1,
                "productName": "北京丰台区新宫二街建材市场大火引发爆炸"
            }
        ],
        "order_num": 59367,
        "total": "北京新宫大火"
    },
    {
        "area": "中国 云南 昆明",
        "order_amount": 61052,
        "isPositive": 0,
        "app_ratio": "73.13%",
        "details": [
            {
                "num": 1,
                "productName": "昆明农贸市场突发大火 商户梦中惊醒"
            }
        ],
        "order_num": 59367,
        "total": "昆明市场大火"
    },
    {
        "area": "中国 河北 邢台",
        "order_amount": 61052,
        "isPositive": 0,
        "app_ratio": "73.13%",
        "details": [
            {
                "num": 1,
                "productName": "河北邢台洪灾致25人死亡"
            }
        ],
        "order_num": 59367,
        "total": "邢台洪灾"
    } 
]