{
  "data":{
    "0":{
      "order_amount": 61052,
      "app_ratio": "73.13%",
      "order_num": 59367
      },
    "1":{
      "order_amount": 534171,
      "app_ratio": "56.28%",
      "order_num": 528799
      },
    "2":{
      "order_amount": 1729988,
      "app_ratio": "50.89%",
      "order_num": 1591588
      },
    "3":{
      "order_amount": 4677576,
      "app_ratio": "53.11%",
      "order_num": 4610802
      },
    "4":{
      "order_amount":382574 ,
      "app_ratio": "54.81%",
      "order_num": 371574
      }
  }
}
